GeneName,Condition1,Condition2,Condition3,Condition4,Condition5
Gene1,117.45401188473625,95.07143064099162,73.1993941811405,59.86584841970366,15.601864044243651
Gene2,95.59945203362027,5.8083612168199465,86.61761457749351,60.11150117432088,70.80725777960456
Gene3,82.05844942958025,96.99098521619943,83.24426408004217,21.233911067827616,18.182496720710063
Gene4,98.34045098534338,30.42422429595377,52.475643163223786,43.194501864211574,29.122914019804192
Gene5,141.18528947223794,13.949386065204184,29.214464853521815,36.63618432936917,45.606998421703594
Gene6,158.51759613930136,19.967378215835975,51.42344384136116,59.24145688620425,4.645041271999773
Gene7,140.75448519014384,17.052412368729154,6.505159298527952,94.88855372533332,96.56320330745594
Gene8,160.8397348116461,30.46137691733707,9.767211400638388,68.42330265121569,44.01524937396013
Gene9,92.20382348447788,49.51769101112702,3.4388521115218396,90.9320402078782,25.87799816000169
Gene10,146.2522284353982,31.171107608941096,52.00680211778108,54.67102793432797,18.485445552552704
Gene11,176.95846277645586,77.51328233611146,93.9498941564189,89.48273504276489,59.78999788110851
Gene12,172.18742350231167,8.84925020519195,19.59828624191452,4.522728891053807,32.53303307632643
Gene13,118.8677289689482,27.134903177389592,82.87375091519293,35.67533266935893,28.093450968738075
Gene14,134.26960831582485,14.092422497476264,80.21969807540397,7.455064367977082,98.68869366005173
Gene15,157.22447692966574,19.87156815341724,0.5522117123602399,81.54614284548342,70.68573438476172
Gene16,152.90071680409875,77.12703466859458,7.4044651734090365,35.84657285442726,11.586905952512971
Gene17,166.31034258755935,62.329812682755794,33.08980248526492,6.355835028602364,31.09823217156622
Gene18,112.51833220267471,72.96061783380641,63.75574713552131,88.72127425763266,47.22149251619493
Gene19,91.95942459383016,71.3244787222995,76.07850486168974,56.127719756949624,77.0967179954561
Gene20,129.37955963643907,52.27328293819941,42.75410183585496,2.541912674409519,10.789142699330444
Gene21,83.14291856867342,63.64104112637804,31.435598107632668,50.85706911647028,90.7566473926093
Gene22,104.92922291488749,41.038292303562976,75.55511385430486,22.879816549162246,7.697990982879299
Gene23,108.9751452913768,16.122128725400444,92.96976523425731,80.8120379564417,63.34037565104234
Gene24,167.14605901877178,80.36720768991145,18.657005888603585,89.25589984899777,53.93422419156507
Gene25,160.74401551640625,89.60912999234932,31.800347497186387,11.005192452767677,22.793516254194166
Gene26,122.71077886262563,81.80147659224932,86.07305832563435,0.6952130531190703,51.07473025775657
Gene27,121.7411003148779,22.210781047073024,11.98653673336828,33.7615171403628,94.29097039125192
Gene28,112.32029320207553,51.87906217433661,70.30189588951778,36.3629602379294,97.17820827209607
Gene29,176.24472949421113,25.178229582536417,49.72485058923854,30.087830981676966,28.484049437746762
Gene30,83.68869473545328,60.956433397989684,50.26790232288615,5.147875124998935,27.864646423661142
Gene31,170.82658859666537,23.95618906669724,14.48948720912231,48.9452760277563,98.56504541106007
Gene32,104.20552715115004,67.21355474058785,76.16196153287176,23.763754399239968,72.82163486118596
Gene33,116.77831327192533,63.23058305935795,63.35297107608947,53.57746840747585,9.02897700544083
Gene34,163.5302495589238,32.07800649717358,18.651851039985424,4.077514155476392,59.08929431882418
Gene35,147.75643618422822,1.6587828927856152,51.2093058299281,22.649577519793795,64.51727904094498
Gene36,97.43664290049915,69.09377381024659,38.67353463005374,93.67299887367345,13.752094414599325
Gene37,114.10663510502584,11.347352124058908,92.46936182785628,87.7339353380981,25.79416277151556
Gene38,145.9984046034179,81.72222002012158,55.52008115994623,52.965057835600646,24.18522909004517
Gene39,89.31027678058992,89.72157579533267,90.04180571633304,63.31014572732679,33.90297910487007
Gene40,114.92095746126608,72.59556788702393,89.71102599525771,88.70864242651173,77.98755458576238
Gene41,144.20316461542876,8.413996499504883,16.162871409461378,89.85541885270793,60.642905965958995
Gene42,80.91970516166296,10.147154286603211,66.35017691080559,0.5061583846218687,16.080805141749867
Gene43,134.8733789366586,69.18951976926932,65.19612595026005,22.42693094605598,71.2179221347536
Gene44,103.72490874968001,32.539969815926774,74.64914051180241,64.96328990472146,84.9223410494178
Gene45,145.76128923003432,56.830860333547164,9.367476782809248,36.77158030594335,26.520236768172545
Gene46,104.39896433790835,97.30105547524455,39.30977246667604,89.20465551771133,63.11386259972629
Gene47,159.48113035416486,50.26370931051921,57.69038846263591,49.25176938188639,19.52429877980445
Gene48,152.2452115261505,28.07723624408558,2.431596643145384,64.54722959071678,17.711067940704893
Gene49,174.04585843529145,95.39285770025873,91.48643902204485,37.01587002554444,1.5456616528867428
Gene50,172.83185625877252,42.81841483173143,96.66548190436696,96.36199770892529,85.300945546736
Gene51,109.44488920695856,38.50977286019253,85.11366715168569,31.692200515627768,16.94927466860925
Gene52,135.68012624583503,93.6154774160781,69.6029796674973,57.0061170089365,9.717649377076853
Gene53,141.50072266991697,99.00538501042632,14.008401523652402,51.832965236373674,87.73730719279554
Gene54,154.07686177542044,69.7015740995268,70.24840839871092,35.94911512197552,29.359184426449335
Gene55,160.93611554785136,81.01133946791808,86.70723185801037,91.32405525564712,51.13423988609378
Gene56,130.15162946871996,79.82951789667752,64.99639307777652,70.19668772577033,79.57926694361011
Gene57,169.00053418175662,33.79951568515358,37.5582952639944,9.3981939840869,57.8280140996174
Gene58,83.59422737967421,46.55980181324602,54.26446347075766,28.65412521282844,59.08332605690107
Gene59,83.05002499390494,3.7348188749214417,82.26005606596583,36.019064141126286,12.706051265188478
Gene60,132.22432600548044,76.99935530986109,21.582102749684317,62.28904758190003,8.5347464993768
Gene61,85.16817211686077,53.1354631568148,54.06351216101065,63.742990149820656,72.60913337226616
Gene62,177.58520794625346,51.630034830119534,32.2956472941246,79.51861947687037,27.083225126207424
Gene63,123.8971420705636,7.845638134226595,2.535074341545751,96.26484146779251,83.59801205122058
Gene64,149.5974206093698,40.89529444142699,17.329432007084577,15.643704267108605,25.024289816459532
Gene65,134.92266647061206,71.45959227000624,66.01973767177313,27.993389694594285,95.48652806631941
Gene66,153.78969166957685,55.43540525114007,61.17207462343522,41.96000624277899,24.773098950115745
Gene67,115.59726786512616,75.78461104643691,1.4393488629755868,11.607264050691624,4.600264202175275
Gene68,84.07288023189702,85.54605840110072,70.36578593800236,47.41738290873252,9.783416065100148
Gene69,129.16158751168325,47.34717707805657,17.320186991001517,43.385164923797305,39.85047343973734
Gene70,141.58500980522166,63.50936508676438,4.530400977204452,37.46126146264712,62.58599157142364
Gene71,130.31362585800878,85.64898411883223,65.8693631618945,16.29344270814297,7.056874740042984
Gene72,144.24192782063156,2.6511310541621813,58.57755812734633,94.02302414249576,57.5474177875879
Gene73,118.8169926206522,64.32882184423532,45.825289049151664,54.56167893159349,94.14648087765252
Gene74,118.61026378007742,96.11905638239142,90.53506419560637,19.579113478929642,6.9361300875165455
Gene75,90.07780013774267,1.8221825651549728,9.44429607559284,68.30067734163569,7.118864846022898
Gene76,111.89756302937613,84.48753109694546,2.3271935735825866,81.44684825889358,28.185477477339994
Gene77,91.81648276216562,69.67371653641507,62.8942846779884,87.74720135270529,73.50710438038858
Gene78,160.34809303848488,28.203457257130648,17.743954377972283,75.06147516408583,80.6834739267264
Gene79,179.0505142000673,41.26176769114265,37.201808579278314,77.64129607419969,34.08035402530179
Gene80,173.07573256035647,85.84127518430118,42.89940273750184,75.08710677914974,75.45428740846823
Gene81,90.31238688359326,90.25529066795667,50.525237244785714,82.64574661077417,32.00496010306117
Gene82,169.55232284962005,38.92016787341631,1.083765148029836,90.53819764192636,9.128667678613356
Gene83,111.93136375904149,95.0061967050805,95.06071469375561,57.34378881232861,63.183721216979926
Gene84,124.84455219783197,29.321077169806454,32.8664545369916,67.25184560770384,75.237452943768
Gene85,159.15790437258485,78.96181427945538,9.120610304869036,49.442030470258146,5.755876001664428
Gene86,134.95288823237354,44.1530501373377,88.77041827582998,35.09150125520787,11.706701642760587
Gene87,94.29916820528359,76.15106317174723,61.82180633162611,10.112267612279025,8.410680611499743
Gene88,150.096913145912,7.276300636419353,82.18600592903562,70.62422271564962,8.134878064189976
Gene89,88.48377140851919,98.66395785011754,37.427079575612034,37.06421470668909,81.27995672575025
Gene90,174.72485773838588,98.6001063822871,75.33781852589416,37.62595855309158,8.350071669866876
Gene91,157.7146915927437,55.840424973580504,42.42220092469763,90.6354385094736,11.119748230615134
Gene92,129.26251042908592,1.1353644767419069,46.86606419941263,5.630327568183735,11.881791626807193
Gene93,91.75262467771049,64.92103021160635,74.60448792654233,58.336876509715964,96.21725484745419
Gene94,117.4870579523704,28.571208628186074,86.85991281894603,22.359583851945263,96.32225394406113
Gene95,81.21544746898164,96.98788267076391,4.315991195057611,89.11431136980711,52.77011090862999
Gene96,179.29647961193004,7.379656473539886,55.38542844013208,96.9302535619099,52.30978441701488
Gene97,142.93986381352624,69.57486889846172,45.454106476777326,62.75580800840635,58.43143119231002
Gene98,170.11580104909888,4.5446380341457875,28.096318959223034,95.04114840765587,89.02637838909163
Gene99,125.56567527857129,62.013259780153675,27.738118298113267,18.81211597237613,46.36984049399822
Gene100,115.33522280260527,58.365611185087204,7.773463696498483,97.43948076661665,98.62107444796028
Gene101,69.81617140197451,113.60963663441204,30.952761628632775,81.37950197069486,68.47311725538793
Gene102,16.26169393448913,151.09271844938425,82.2537242923169,94.9799913291924,72.571950838836
Gene103,61.34151959357899,101.82430362906189,93.27284833540132,86.60638895004084,4.521867010618941
Gene104,2.6366974497252005,97.64633668780496,81.0553330781833,98.72761293149445,15.041689110352818
Gene105,59.41307153521351,98.08908566310215,96.99143978146031,84.21189231357087,83.83287047111378
Gene106,46.86931597949703,101.48195023376653,27.340707193070624,5.6375496650927115,86.47223762550531
Gene107,81.29010091300776,159.97176732861305,99.66368370739053,55.543170560262745,76.89874151805105
Gene108,94.47657298824281,144.96473906774116,24.734810174319765,45.05441353100935,12.915941515149498
Gene109,95.40510272587224,120.617463445088,22.864280550346272,67.17006844058567,61.81282404578958
Gene110,35.81627180328405,71.3557592199629,67.15731955927996,52.03077009037933,77.23183917356393
Gene111,52.01635011119934,145.218150031854,55.190683877448556,56.093797153538624,87.66536026583451
Gene112,40.3482866212397,73.40152284506408,2.8782676313338973,75.5137255673619,62.03095513534647
Gene113,70.40797680992236,81.29641615089108,13.637147558676975,1.4544665667881929,35.058755880659696
Gene114,58.991768685463306,99.22440450997323,43.747492202372904,90.41586944937484,34.82554670233004
Gene115,51.39894891598108,138.3653012741143,39.65427823212701,62.20867002278735,86.23637087467452
Gene116,94.9520623657642,74.7073480929038,92.65876251614944,49.21162930795382,25.824438829895836
Gene117,45.913575623826134,158.0032575285477,49.26180939928696,32.875161028750824,63.34008543167258
Gene118,24.014561877819308,67.5863328108664,12.887972191064922,12.804583895777244,15.190269351229436
Gene119,13.882717264941014,124.08747448032146,18.188008439914483,34.56672833238632,89.67884099060119
Gene120,47.39616402628724,126.75577385210272,17.231987120162984,19.228901880867078,4.086861626647886
Gene121,16.893506307216455,87.85903390319586,17.70104842767468,8.87025337570556,12.06358711006008
Gene122,46.077876803272574,80.63337184057926,36.42698610480755,50.34172708548569,69.03948286293652
Gene123,3.9312139841098936,139.94103989090428,62.79003894909078,8.17590319488719,87.35786241067773
Gene124,92.08724005318132,66.10779598548638,27.687764814720374,80.62012797930613,74.82596903836584
Gene125,18.45210193563773,80.93493233367103,37.0472102791382,48.45229851910213,61.825477153029595
Gene126,36.891363956977244,106.25347161331479,74.74709381337566,3.66832028905979,25.243694434402077
Gene127,71.33495858845524,149.52068376871995,51.167744211566614,53.211348526531566,10.717201133977605
Gene128,44.741236682345466,113.2617266455023,24.247050363472965,26.924323094938096,37.728416310462265
Gene129,2.007119777772637,92.20791655831783,21.144800699654464,32.74973521779147,11.976213181925122
Gene130,89.0527280739895,119.35924535540487,67.91023191444896,78.91712386073382,49.84421989290573
Gene131,8.69202880874237,113.71065418185478,58.68411180208791,74.54394741843299,43.16595462296794
Gene132,12.758030279556376,88.37759057987245,36.30822963986351,64.59172413316013,57.077830466891186
Gene133,35.60967258978462,158.65152487929797,60.577481935688716,23.72267917359945,10.178247262040374
Gene134,15.285913918433202,84.59577283845081,16.06813732595557,18.656702405130577,28.50951686938471
Gene135,17.33735952947548,149.67654246264252,8.023374566164222,52.451138957025464,41.03968269896615
Gene136,98.23786169086064,71.20389021680523,39.785559904574164,96.94704332753689,86.55071258939803
Gene137,81.707207094928,85.79028270449399,17.088758739006582,66.8643219924431,92.93759891275857
Gene138,55.67628930139298,117.16126894698999,27.997909366028416,76.94929331919369,18.704374855752338
Gene139,32.367923640424365,102.54364386164167,50.7610378684455,24.240973241508023,11.483682473920354
Gene140,61.06200424416326,88.86305532402558,58.123822142261226,15.436271527420232,48.114010185481746
Gene141,53.258943255158584,65.18235368224269,33.660427819392055,13.441467693897424,6.337497047276774
Gene142,98.99602323899452,92.2353844974723,80.98744458546349,25.464065476376383,68.15027222239293
Gene143,76.02278598896865,119.56387406078443,47.15761885501584,41.18409141472685,34.88682665429953
Gene144,92.95291442478259,143.0619407787729,96.50269106665125,12.429722348554472,73.08674752036443
Gene145,93.83404568210378,78.12330661656601,6.6496267366777495,74.11206492900591,57.44731131799119
Gene146,84.1828776758272,73.97723766262895,79.52673118598902,20.162732004774455,16.36559428657045
Gene147,16.426579793099293,141.45747202313822,66.51972206962002,52.30654247691193,35.88304841235025
Gene148,87.72005408131082,99.24451074226354,81.65994394715771,43.91349085702184,37.69444294249076
Gene149,46.26797856696064,90.13778741641421,74.76093801762511,50.27203900924791,23.22126951468173
Gene150,89.95745732745685,98.38912213732114,54.35528611139886,90.6472110964547,62.42379959139921
Gene151,11.689804070836407,153.9832123613475,62.770805307141785,33.49056146570861,13.927207266338726
Gene152,79.4025189270296,122.00727559285136,53.34610919763215,89.38925830509577,78.85972112245308
Gene153,15.167487973275119,91.17220677955483,24.848913981446575,74.3946292572677,3.353243473577938
Gene154,56.98896848713165,136.24586857406905,87.67656367617495,34.20817487159075,82.12573046720128
Gene155,11.063173695520723,144.6452291734518,12.748866233198243,39.72872905603673,79.72953657795536
Gene156,14.991742734877377,82.92513952326415,72.22525683930662,72.00365365460743,64.11476328852973
Gene157,69.39484444671,114.27244433475963,25.179905890695274,34.56959935039195,18.159771680142565
Gene158,90.84505613336283,118.33917947661205,40.08514167636399,46.20058036441327,94.72833396118153
Gene159,15.33514031160802,118.62298320167972,50.5888678884466,61.14542354346478,1.8110183820840509
Gene160,87.21239089441515,153.21182824836126,56.51331835892089,69.66508238768922,92.24993811772957
Gene161,70.72386343133986,75.25390429142614,57.62883601668132,60.67150463828559,42.4130671302386
Gene162,73.64442356247228,153.43670147690148,92.55685129067763,45.08393714041321,11.323804584075525
Gene163,98.48411989623345,143.88980864459342,12.466268120326685,92.08418826173724,86.98963620621282
Gene164,51.88380571260721,119.12754357449293,39.90027038701302,5.476163882203133,33.519724164590095
Gene165,80.28534485980114,60.46320230046029,33.34991716911442,39.81686935909433,53.73956029379229
Gene166,91.98556164127605,94.63459943659612,34.69532018962277,73.75012481097484,45.221794088980715
Gene167,22.460482293998197,105.24395161326933,14.085702037979985,17.63869865062233,49.83677727394797
Gene168,41.89254495045479,151.48459010681,36.23938991166331,58.05883502780434,63.22642879195304
Gene169,1.3094456588333636,126.35373720167107,17.803596686975144,96.10703174694551,14.866272775311295
Gene170,41.462412372702374,68.53496680786438,99.68742518459473,50.21950103312426,59.53850173200438
Gene171,6.7076477388427485,134.99604703991778,20.990559309558577,89.80542894407138,20.513964048200716
Gene172,19.068772066366655,63.65496678480949,47.206694510999924,56.48411332626164,6.570863942835237
Gene173,77.55276166950105,105.32888347480275,52.439026932758004,44.07627469382282,40.0763060875326
Gene174,55.96403313082179,75.52402459307125,18.19281304952711,86.17856210135173,94.61154621336327
Gene175,37.330931627975296,87.07446731435537,64.39995432390158,40.87341710980964,2.538635566034486
Gene176,15.615259736619036,131.59722288473975,65.89239419101514,2.709599250348349,22.197216193294945
Gene177,23.10747965880714,127.18927435987284,1.9710537754364155,10.410858198457385,79.99160853731894
Gene178,17.85446620543336,125.27461078518748,23.81827810467265,9.944139275934516,24.317219099945408
Gene179,72.22669318556592,145.56964681062857,83.02198645669915,39.71835296184548,66.80851365706462
Gene180,20.498429541582098,89.31477302610134,89.63358185211197,1.3001923510736035,8.550853085446807
Gene181,20.78862551460273,62.65322038738197,18.143543508979732,58.304156096969216,42.1424550592498
Gene182,89.26717110769748,141.7443561738441,34.1817351697876,25.94234334312925,37.96924081672669
Gene183,59.02949425148078,86.80636408228763,62.4148907849134,40.941165219124045,55.204718085198024
Gene184,43.61265291353167,89.44657595419177,94.84533069621567,76.36057941597608,14.011317576645254
Gene185,86.84679758979128,108.74311982495136,89.45522268940914,79.98552559473153,42.52135044692334
Gene186,2.24693083201174,86.8677359384946,54.16342146608669,63.347821982614725,25.788768543320227
Gene187,13.935607407282413,143.4930236799299,98.44021807035521,52.56901823026858,17.16792858483035
Gene188,27.230732651936897,61.83906765474667,91.4298806560499,11.775108289014113,57.651647551425356
Gene189,27.4055220687206,115.41780025157934,65.14203883518643,82.97418037072016,20.64212717606032
Gene190,1.0995828658480478,73.68856300688073,90.00186418481051,87.38900775625153,59.74131021703083
Gene191,60.051686043365336,126.50366745462554,17.53712786234496,91.44119459249598,41.87705248920731
Gene192,38.31385282494975,111.89177052828376,4.696596677505505,16.628336875607943,73.80336164263704
Gene193,8.279866792512646,120.31521094663881,24.534910968132095,38.929561404197656,28.869373677069987
Gene194,35.567271646494916,131.90459051842456,29.7121715623175,56.64046402968972,47.60504021990997
Gene195,66.36711653626482,153.68297393247582,73.25720972102503,21.494037859075675,3.1183135061284672
Gene196,26.22640442998251,119.50779307002549,5.1425813484250344,49.636624720123635,59.68428489168892
Gene197,33.424389081696084,137.09122037458218,10.65982531337718,7.513778173580876,72.81887562036033
Gene198,49.549131620619846,128.8402396427736,43.48273386037462,24.640203323910683,81.91023176741997
Gene199,79.94158789689793,129.46964708544266,27.21451372299627,59.023066686908706,36.09738969400268
Gene200,9.158207332663416,151.73135754622427,13.68186309189614,95.02373538208025,44.600577295795574
Gene201,18.513292883861965,114.1900947378358,87.29458358764083,73.22248864095612,80.65611478614497
Gene202,65.87833667107174,129.22765645178526,84.91956515653193,24.966800885918595,48.942496364314046
Gene203,22.120944181960223,158.76680079966468,94.40593396866133,3.94268113685059,70.55751725156884
Gene204,92.52483174156659,78.05753451273335,56.79452305526295,91.54882975880419,3.394597858579884
Gene205,69.742026724684,89.73490073725507,92.43961953765304,97.10582451653677,94.42664891134339
Gene206,47.42142166574638,146.20426509893133,84.45493985350704,31.910047324325564,82.89154741506773
Gene207,3.700763471549262,119.6269878482053,23.000883728770305,12.056688577727881,7.695320162920916
Gene208,69.62887758781397,93.9874963768066,72.47667715287615,6.535634079894237,31.529033783061035
Gene209,53.949129237533725,139.07231648389637,31.875250293206992,62.58913764370091,88.5977748236187
Gene210,61.58631881823046,83.29594747536338,2.440078155653802,87.00988739009298,2.126941085038714
Gene211,87.47016726841994,112.8937134027212,93.90676985128962,79.87832357736654,99.79341105333374
Gene212,35.071181545171015,136.7188288931127,40.193091360924214,47.98756203039088,62.75054632183701
Gene213,87.36771141863387,158.4083469199295,76.82734138645182,41.77667821673337,42.13570022770702
Gene214,73.75823015888915,83.87771457683023,11.047411313139467,35.462215764077655,28.723899165408174
Gene215,29.630812045599008,83.36077510499099,4.209318963636188,1.787393473341381,98.77223897360315
Gene216,42.77731337358623,98.43266471596817,67.96472826930699,21.825388786506416,94.99611839502253
Gene217,78.6345014415552,68.94110023122595,41.75807757849284,87.91183075621647,94.47320222914102
Gene218,46.74015112498697,121.34113892107078,16.70339460920752,99.11686261369765,23.16717013834434
Gene219,94.27317741351257,124.96466489923685,60.773679487885914,51.26885110165086,23.06698117177587
Gene220,17.652803200550828,82.04862090701754,18.643826214425452,77.95844735667534,35.01252591667301
Gene221,5.784267656339637,156.91026301408112,88.37858849634257,92.77522831952129,99.49078226464353
Gene222,17.38952492194873,99.62420189026588,75.82384757040913,69.60206180537922,15.389590633985506
Gene223,81.58331249906178,82.44405718366608,22.38176148226231,53.69744228934136,59.293993484170315
Gene224,58.00862078378112,69.14868373977549,87.74608626303804,26.560004258870606,12.951492128280417
Gene225,88.87480798689772,155.56514982297534,86.21276172654507,80.95160747248781,65.52419806390218
Gene226,55.08573706091393,68.69867599114102,40.845321307069874,37.2688517012314,25.97537837603262
Gene227,72.3420113688585,109.58757350787708,8.104621590764793,22.018320194981133,68.32587636595959
Gene228,7.613085949030019,145.12069140487688,49.51465270139743,48.0586577326648,59.24077846595176
Gene229,82.46809659251491,94.78092079021931,67.80161525590636,56.5731963995791,26.70282701694213
Gene230,87.8629986355158,139.7426021606928,65.84518346584255,85.05817290942419,86.72942009598023
Gene231,70.83629767150347,143.70133283636721,69.74714616692836,68.01407717603004,61.86113782151843
Gene232,75.27166395576413,75.86051052930736,88.08707591989284,87.1843527745232,2.9247283034559146
Gene233,82.58167505647627,72.88698674734452,33.51188542591419,74.35082562916078,16.07598960483082
Gene234,81.79670241190622,143.2134177957742,50.746773376083624,0.638587171683358,28.703813317491278
Gene235,61.69269183757422,158.11861780274234,63.18135270166684,25.98035810641598,63.40057030996113
Gene236,53.99853797158555,137.98453951511436,10.698063882695841,76.1027902502028,54.12665786761103
Gene237,96.29920038589947,94.1872166038686,63.26218931339481,93.20281055100175,10.250972799067926
Gene238,93.72284872364511,128.78857223008134,6.78370591051719,30.096356694681624,70.81720886452815
Gene239,6.73506014687717,118.21704601762733,34.588305695295674,62.091551776747714,4.5742033812512854
Gene240,87.15368061523763,157.3488969177397,96.88778552856915,74.96518317429248,13.008624013063198
Gene241,75.82631959290225,62.45869164588015,2.2123551528997254,32.36102191495412,48.864319040466576
Gene242,77.04074178077931,128.32953766065052,44.590270637674834,27.362666628166586,99.71245001577111
Gene243,42.6181302235973,105.13870243296755,16.362382119166917,79.48095487499293,69.36822257814886
Gene244,22.07696127887604,68.23810456158427,68.0499302074713,65.45112142811352,27.32595269982093
Gene245,95.08635622504103,75.10578917809002,43.23348010426019,94.36159201675989,41.97273169261223
Gene246,63.85259476640856,99.75943979627942,27.421520234867003,98.39776479598282,40.9334006315043
Gene247,89.40992036791344,82.99546058910862,21.31047040250833,3.113408288451136,65.1666825375885
Gene248,36.852634372376116,146.4358249839637,47.32099066915572,96.81934279147217,18.552551570312115
Gene249,86.86231679556109,137.65968527917417,77.0921844644052,84.47832281168877,76.10239909429988
Gene250,62.62203216314154,73.12448776823877,3.2526179491251916,92.08478478156869,61.665031452073805
Gene251,79.65372909761763,108.15223515125501,11.730818896239448,12.518579220255043,68.55652872289714
Gene252,43.030589489946266,80.05247267003367,49.15945467414369,6.420893707513409,58.19714019143988
Gene253,26.899340443509768,139.75591006371883,31.036195892357377,45.52201490818012,1.1620539908100636
Gene254,7.244688779455888,99.24935564066848,47.99388347171235,60.00205481193037,29.166257870930323
Gene255,69.49818861265426,146.01223971892045,77.98509888933498,3.9618825348357145,48.0506947257829
Gene256,10.493017841817487,84.20450158625275,98.66625932671465,14.249554290151323,49.888815345135605
Gene257,61.81557343181191,130.24649705441038,55.96486834869141,0.9770847419183659,32.64613082439919
Gene258,51.771164338471145,68.78664991448333,35.06269312091808,3.3203108791366565,7.857849715502074
Gene259,39.69232762015961,73.27157540430603,56.75408482615582,68.94649691372658,80.05866991090829
Gene260,20.01502442448101,76.74825822590698,10.456784033440025,63.64302495436367,70.64757264869012
Gene261,3.1586144825642037,153.62122462436898,5.1971283651472415,54.12963353010704,70.90605194509165
Gene262,87.09691237460856,131.40869321324277,80.17280830697918,33.94501925428061,81.48251137465122
Gene263,8.011484638467515,149.48166560605276,54.75923761537362,81.72977699624937,45.23182845183001
Gene264,64.35776951965249,112.64026609361133,73.15895217553319,8.162998203058958,6.03520839905638
Gene265,24.710323401014644,75.95446801131884,87.17835665922017,21.92139873580443,97.58652558191314
Gene266,33.68957917711069,78.21179156886993,78.96985071424791,65.87077755008761,49.8195716453139
Gene267,55.53635509376312,131.92017782722638,22.845474133129873,99.63339160567419,97.4793162146783
Gene268,65.03256863469369,79.9542450929145,68.02282424312914,7.219840897917584,3.0652502205806065
Gene269,25.76828885112137,106.26229567393163,86.82725054083805,72.7169069766308,74.2706521199981
Gene270,42.54933344480754,94.5934992546963,37.10387629846027,98.76495637360578,4.010919141248248
Gene271,86.70314961224486,117.86754085723933,43.86154191895905,72.52576604151365,48.666894142470284
Gene272,87.34232380816606,150.07018640112585,42.17209268734554,27.682779723505156,59.23503285933622
Gene273,91.2363345616691,81.06621890056665,62.296658356348274,63.156022009252055,73.3113022415281
Gene274,13.15676851272598,131.58249646820886,90.9032520665641,17.968310887024195,23.754332492387764
Gene275,97.13950940416396,78.09769527094898,85.4385093369579,49.227785644803475,24.723107440317705
Gene276,87.07499012725114,104.53052550026655,51.48173539296902,35.92333693997657,59.29508514349274
Gene277,16.352387258502276,99.10815366517608,96.94123223352875,25.813343270112753,65.67366645412922
Gene278,32.51900642246949,137.34731256866007,13.087366071834982,96.98210450785447,45.37895413836392
Gene279,23.605046334646396,67.34967473300127,16.975790508754073,51.977394855601766,33.70031764312863
Gene280,82.88833658826094,103.08875236618059,24.871427258762992,61.714498660403,70.67772168854458
Gene281,16.704190790094987,76.76192162883177,3.667142693354297,73.64020150656405,66.38045276218051
Gene282,47.46308757498139,144.41704489691972,80.56701529500532,58.535436439675216,86.82712805132586
Gene283,20.584121003676824,71.1919619397728,26.974961151698963,5.708685608931486,53.1169528001032
Gene284,93.66056922949615,63.934354066850965,12.21099140100268,45.21990282834353,93.38750175279048
Gene285,31.61561049767505,110.72348086883925,4.15728590503921,14.834320096208886,98.66301229588468
Gene286,96.51186964360456,60.493998093440965,95.18117854232389,63.91199378155004,86.79182945200222
Gene287,45.47398556338591,111.55960285792503,48.88465802569202,66.68642575461044,13.96512547563129
Gene288,2.9973589872677953,90.79299415911909,70.46807627366466,20.185345212294838,67.34324333249174
Gene289,96.99120461072704,69.39007157894184,67.26021182251263,44.375021930457116,86.81422543775054
Gene290,17.71497894473859,129.26259522261645,83.81152896481102,94.46142194740233,68.32480282896458
Gene291,49.71747640084273,121.78472402012139,86.89049844787182,57.060974663882966,3.038705969683686
Gene292,93.09486955069778,128.9526751031561,67.65133857772466,21.567515239771716,65.88854702326572
Gene293,39.386440565415846,125.12329770414921,10.659303030799073,65.7845304603036,99.94137257706666
Gene294,4.821203886055603,157.71741842213174,40.690796072287064,87.07534503372591,78.23854840582734
Gene295,56.70162609866678,133.84492092513267,87.8515561301348,40.4140321651033,32.70331615632387
Gene296,66.75933855635847,140.78459419412587,76.22851347766158,79.78136488586345,43.5583314812933
Gene297,81.78342161750216,72.02090553706084,54.448909796084955,0.575866049812157,32.45858299002703
Gene298,36.646153487139784,99.61726916092553,69.54672066898621,38.85581012703457,44.86936226225306
Gene299,23.754413087432745,97.325179162934,22.726962726315147,7.319592376844364,60.34485933813779
Gene300,66.82127985550163,121.94903460096145,46.34940438005724,37.978578017922985,86.33336495718252
Gene301,51.908178513621806,47.9181877629731,42.56420658064357,34.12478276261564,38.019561878585705
Gene302,39.88227808969005,58.017236922733225,93.36025467268784,60.79050927934446,76.48832615421283
Gene303,81.29857387160935,71.81230762264944,135.55236959549347,1.823258267636163,19.57779856835461
Gene304,0.756287497814212,64.7474714154603,129.8030548949987,24.34822965762993,92.70345447963066
Gene305,6.026739028956085,93.44360268055144,75.16226872396345,10.142082844921651,48.58717591863256
Gene306,25.677656772050796,28.487290196192284,70.72899649262865,80.30258978326634,53.91612766752545
Gene307,31.130769915600364,61.03337833109184,111.61506742231936,27.262400073353376,41.354910152535155
Gene308,12.188609333694755,18.11493495346803,108.11178539649828,18.143834769562694,52.516338366706016
Gene309,70.90462617224327,10.687692309474384,96.73122196289034,25.656278370136377,96.29268752375798
Gene310,48.35456467199247,80.59925497751581,95.02265421562618,4.341253285481916,63.31513755940223
Gene311,95.14033422066571,60.16118201463312,121.91888594267903,88.42064633484078,22.807977194893247
Gene312,21.204483990822666,61.09809888509917,81.10284698067048,83.98613028667204,90.00231233980112
Gene313,35.34213793027181,23.687055897448207,118.05255152438619,27.48060355481361,82.26143185136785
Gene314,42.37382536487628,66.75498992914704,49.55353138346682,62.3859324676573,45.17676787372291
Gene315,58.66084631754741,16.801420774486342,113.68737449441821,86.27970775432286,21.673980009077564
Gene316,9.571455552016172,2.3638586046336396,104.1971500443266,60.70940360887808,54.669741271407005
Gene317,23.194709611597542,39.09059959055147,99.4476335186173,49.67668588591694,98.77855202148874
Gene318,13.643975255673313,69.51445540475937,80.43187681042922,42.819961492561475,71.75977656581762
Gene319,69.24361513243696,99.12559937021884,52.83942894541252,10.410964938416633,72.43388171287411
Gene320,57.83869170064091,27.416066655980586,47.94193689889866,8.565824959643054,89.41908746641182
Gene321,19.18673247187429,32.33715621155208,62.6656402226988,35.49963058319373,6.942384274609337
Gene322,51.90597909082704,6.76125635922149,120.03565078223616,23.3712081910433,54.00119146045106
Gene323,88.00790875614582,65.08773690471942,93.29577865513353,32.43337531153756,33.300191305819794
Gene324,66.94869551981901,99.41393612211675,106.18391898493786,55.77834173700249,73.06505102392461
Gene325,46.52056122837182,6.0142342600785215,96.22968158779098,95.76252845053801,17.530294235765965
Gene326,69.00048908206658,20.093368865905646,93.58276844730813,9.667644964671961,45.037093625818514
Gene327,75.61633288952461,34.757152423898205,106.4911724487218,79.54499607897291,92.71778194794527
Gene328,23.464208185545353,39.931591580930814,55.24160133304174,99.24835021583752,92.70009679242953
Gene329,53.99571302805596,84.20332943764213,92.09579772720423,62.35856880027597,8.912443211601662
Gene330,75.52704204968079,12.771348363523483,122.60676302525283,78.20280876703859,70.87446977429764
Gene331,3.6160380524762115,30.31283559453286,66.31125699108429,36.01364074715191,8.764274676383854
Gene332,93.69578230310628,55.38022407123763,70.55243106580235,39.698151707428345,44.72025405048357
Gene333,60.05943333606173,51.567942769649775,131.93919732144172,49.696348290583025,99.21580148233127
Gene334,85.14249577450957,20.85105143573358,133.05952146439162,11.636639788547608,81.74497084911916
Gene335,38.06232934765801,87.79743204450695,126.80566901074504,80.59254001176211,79.00304363070614
Gene336,30.46791390980408,8.091928305125219,80.29801787651616,17.35245149865087,69.49510889024617
Gene337,34.609972653778556,97.56102008599149,104.0972077345332,82.24805636343609,13.252467274184843
Gene338,86.20144822726226,92.27571905133944,88.70619188189359,60.625293775097745,76.48098009029954
Gene339,17.483862726041256,50.25660764634424,79.86630277723131,14.63739921622491,36.753442229153144
Gene340,6.817230938549357,2.5811906949486985,53.51662891548227,96.31151115891738,54.952953589501696
Gene341,96.582216115322,43.2497878330132,71.18161330852595,50.61418628402441,43.95116886329101
Gene342,10.566468426174392,64.08263146902063,61.60381825095996,61.95879548978296,65.02010923981534
Gene343,15.20248531286481,6.134962711066816,118.07615860684398,45.98004237693202,5.816379550547579
Gene344,99.48663171697672,5.778056099636664,109.50352288585532,98.36789252634136,23.918010421592562
Gene345,14.224936868719617,12.138493942242889,70.32751475675956,10.10458110106467,69.2161341694132
Gene346,6.229179813006269,50.94221281497897,139.66968538529767,81.39702695060188,61.52194382310109
Gene347,30.625362078661166,62.389583629163845,92.70414639116515,42.60833838903715,13.071037674019948
Gene348,88.66042152404667,44.97846488213225,59.46225118207651,36.77593508772896,41.4129752528927
Gene349,82.75378955668742,73.3614380561402,116.93048936413398,1.1031264428647214,41.615399817976154
Gene350,48.13441516353236,1.9192276823056686,65.98132087450342,76.0289823122135,13.710970572899905
Gene351,53.531013145259166,21.52018720172375,41.212077464389324,24.12014575995415,97.58737549100537
Gene352,80.15371118829896,95.95766443210334,88.78540439263625,10.973619867750351,54.79594889736929
Gene353,45.43773345599609,84.4357082739616,49.80825807842446,48.82411370217782,15.004866469398426
Gene354,32.467592689006,73.73570773877996,87.60181293687666,37.58882851457693,39.44762785700353
Gene355,45.94467684059866,78.50165438370568,129.20846889402344,95.53346865039283,78.6903386255295
Gene356,31.540689574801274,68.81347060865421,83.7603124055392,25.467062204605117,84.08715794259226
Gene357,3.8426348962324997,90.17619921354235,86.1477464624734,63.72014768082804,65.93539222057827
Gene358,89.51177407065364,63.66696821672073,101.39335847600617,6.665204056068996,51.84080219452041
Gene359,15.016900081704165,73.74337687214856,91.22219208126745,68.02277792083532,4.167290060238427
Gene360,8.479201604580322,71.63233880626822,47.208433599867334,7.12567277652586,1.210847523488745
Gene361,95.65013982994802,73.75083594590069,75.32514085020642,29.65355812876552,34.97032297458495
Gene362,77.46535311811819,66.13706110704143,58.51955678674679,17.410933533408436,9.839564971339732
Gene363,66.03027197013381,76.43726622217359,66.5046428325004,2.094496103091281,8.217166747642734
Gene364,96.78600348450304,29.544477747742025,116.92231478381336,62.46635688542638,38.19396396528959
Gene365,20.56872621955551,12.138641815940643,101.50129680388666,77.4633780637788,64.39042535411306
Gene366,53.030213324915835,4.195122343163627,136.84887775943838,79.87141916545745,29.282203670096475
Gene367,97.99703293588506,60.18815896363221,98.24226582072464,74.8073179429532,81.17697880901376
Gene368,65.64786073315027,12.809574636620003,73.82675059944984,92.80836403260497,22.461561184385193
Gene369,37.21670238375133,43.2076882944196,83.94049896944522,61.29395824945255,94.30758377447076
Gene370,24.069271183250496,12.150137630091805,59.74704898599373,88.69249002092695,64.5810812655206
Gene371,28.590678923916013,81.59469389686173,126.1369996363436,84.6514338690278,91.89265336395545
Gene372,25.224102017336158,75.50419287462783,86.053949727414,84.19985528900615,72.84906771616131
Gene373,77.64474464997247,65.61618376810715,57.74287694697068,54.502691889693835,98.46697395245081
Gene374,93.73880664971189,4.317373579701167,56.481481572943714,13.172877345456191,72.59799099852955
Gene375,81.77853298569451,21.35113663106719,90.5852692951829,84.07030280112,73.28015447662506
Gene376,54.223720549184826,59.03476904587729,90.836054691628,29.754845131882057,56.50219928590161
Gene377,68.88853020500906,87.33229158608077,103.62913539792481,76.1121537043158,16.0071634954573
Gene378,46.15574744197899,0.9331619827093296,64.6678864521623,72.64617151130048,99.18099513493634
Gene379,9.917809958721591,40.14943158612883,120.00709686991596,20.403563462889885,55.50849493022862
Gene380,73.30712960296748,61.5985450260179,58.80247346154161,35.538456868573945,78.37917844853972
Gene381,55.42265141320166,0.5229613542912737,116.09907600280938,3.531135494023907,74.57337827312321
Gene382,20.24805601652374,95.80734801193802,76.79407513020845,32.69316163380791,14.888805033244468
Gene383,30.560421549021488,87.66507618282006,139.63343376272474,36.83095305068483,44.861063095454256
Gene384,72.2070938202737,88.61957804650746,99.30443341867841,39.15256981778293,41.262184084862376
Gene385,69.56181464968068,0.32182636042786816,101.95893374598407,35.54930104413574,79.41973312770843
Gene386,9.299063982313216,58.82022669483905,88.09728898861238,64.23255259052274,6.485359448296835
Gene387,57.99837874281313,56.14845879595237,96.0660094416171,60.34876665964548,67.64679372263622
Gene388,80.49889996807697,26.982072012821433,122.5049410180062,49.82556822634536,7.705827913433117
Gene389,5.85509292439792,33.42383186960608,118.48969771114676,70.76809347409157,78.86149646724064
Gene390,51.72690564416094,44.01989979554906,54.745252670628396,32.81927536093116,43.40193661738753
Gene391,8.860042967961723,22.061195271121125,99.82252940637389,73.56631142391899,99.83475113929497
Gene392,93.31133313435576,64.25651995351916,82.1248053294072,63.617736470823274,78.56516180802319
Gene393,11.833619092338733,40.99048896962883,123.98022856356172,38.3832951933044,57.18722712271865
Gene394,58.77693608621982,18.447625313363936,76.22354416522884,33.451128874193216,2.6196708532064794
Gene395,2.4191763891355245,83.16970436757735,67.30708099728125,51.80787662388154,29.872557358877305
Gene396,94.06792451153404,25.929675886577375,82.96568127389351,87.27302504846018,84.19335667918087
Gene397,18.610141784627732,80.26433097957104,85.81868867378927,48.29688720853552,13.347997241594378
Gene398,8.060151375712465,72.79393069737652,89.64611523552998,43.68507026151796,72.95082286523967
Gene399,76.55128989911097,15.890816766935355,101.02251494776414,13.535408227768553,75.13750860290457
Gene400,65.69551562671396,95.6614621083458,46.895801635642115,5.705472115125431,28.218707469320016
Gene401,26.170568373590598,24.697879907199983,130.62545805210368,24.95461998495061,27.1949726128631
Gene402,75.93982624179637,44.973984245054,117.67105569551812,6.536615756438524,48.75711936733843
Gene403,3.3613600183282633,6.265320345535452,130.6437453344411,13.924537111759516,53.24206822752171
Gene404,41.10956026007065,34.73433262588427,129.98333456872723,2.18233967754895,66.37896861755891
Gene405,96.33944342135504,56.016818346184195,133.68224620330918,5.225787928602377,41.87933190741614
Gene406,26.015779096205115,73.08209649807299,138.12970904972468,25.65300624442478,65.41746014740745
Gene407,19.809763275974014,56.53302545716099,86.39324866883362,97.2005329631537,60.85272726964666
Gene408,34.950637208681876,11.409578488793336,55.124682873493455,22.53169299512351,25.0966661340298
Gene409,85.06160578411378,56.12227882825249,92.33909113743664,11.476887186921747,86.0139693349435
Gene410,72.28143032084837,6.766836190000158,110.78350972297687,54.353821734264606,8.172534574677826
Gene411,45.830064152865646,48.469628713004695,56.57745401632758,94.56981470002823,84.99753714806619
Gene412,66.90223373291083,46.22955610006072,81.17655415845084,65.09734671509541,54.543186940690546
Gene413,6.227310588188562,51.25026487703317,120.64036172328395,45.923987759695805,5.195657755426842
Gene414,78.6278199384033,20.13637821359744,65.86208348880388,16.47063534322959,33.02150648714976
Gene415,75.6751505688635,51.93858595039374,60.488127415071254,87.78300781520409,87.95818549515292
Gene416,87.05784250460069,23.87962113815393,85.12393441809881,98.49896561408751,77.20124763099903
Gene417,2.716742122555982,6.5204591260492055,86.39313768123327,90.92202058615601,53.870179795271426
Gene418,49.781250803429025,10.547369995663058,105.6780104724294,82.21031606002255,38.04200075075623
Gene419,77.56118509253275,96.44766539008116,60.37664591276891,52.33296311947413,28.713795808457554
Gene420,79.28544190338394,57.75933658811575,103.45824175503037,79.79141596158941,39.59704726624549
Gene421,91.50900684070432,53.302886724614,55.7954822835348,69.58991181688025,79.32613504382545
Gene422,31.67616770675267,85.7179256998753,130.61432547657665,27.690448737780894,98.3521472715222
Gene423,14.071152804875842,20.201566840248997,58.422483923802616,89.39897100078704,65.42925523249619
Gene424,15.210428322227287,44.032341836834895,101.5298025069802,8.34640849893833,88.24163684073388
Gene425,80.36035354415351,50.52067735766382,136.71266152591704,41.77609792750997,98.41103190364979
Gene426,66.79199988036271,63.467127325394145,56.5954895295785,88.1927758304644,42.74896879206152
Gene427,16.223340578247935,1.260751997575904,95.97556836383825,52.739962212267635,71.93536223691585
Gene428,89.02580530178021,7.9406584643029525,113.14964903403623,18.741194409758222,85.8177053157164
Gene429,81.90635138616561,54.07937549855444,111.02427986233116,31.43501131837484,47.116789893281464
Gene430,82.16368977104716,45.92651971732139,75.77982653254418,49.421244725029986,82.82492524372184
Gene431,33.520804737087275,17.37615931357438,111.20140203307808,82.59782127080818,10.063747852353334
Gene432,23.98741127559447,14.19719897609939,74.79414115821666,45.035097890541266,74.88263369633064
Gene433,65.11475848816741,62.092856747843115,75.23749466096544,84.144755308476,47.128716739816454
Gene434,97.91049380151546,63.41421382957368,52.62647415645027,67.6177562075434,32.5104015431699
Gene435,68.63271966860974,6.964114816240574,57.48814371759594,85.57372589057863,22.71795570235149
Gene436,83.704112524294,27.927608845441043,104.28819100587077,69.4150573509831,51.265475314505295
Gene437,30.531067669673128,21.264437637109612,43.31893545624262,30.39464012407238,65.3162790531283
Gene438,93.83048184484826,87.1204482263052,116.60647765353026,78.84473432532987,66.49849034759953
Gene439,26.0286857566003,90.71950307058299,107.0732311905834,56.04406309804399,11.098946921348107
Gene440,44.70555438064254,46.03582712019263,126.45636095226699,54.66482201877885,38.04005489704097
Gene441,97.68003285106593,11.072059332631568,82.25484283119445,4.202467517140529,73.99041207669303
Gene442,91.80765521991506,28.003732955048942,125.83416767991208,29.221823046189776,91.07701616439152
Gene443,75.3961903596784,80.49067768414386,41.80065556004545,96.2810357074026,72.66709920703232
Gene444,30.47510953861333,82.9394664858847,68.152119841493,87.2753839566128,11.258039041193701
Gene445,70.36859774607957,54.069847664491036,49.65344701954408,24.189382825883897,1.240403627731479
Gene446,46.876796546450585,30.126526076000037,99.83574842977589,29.72378077086172,29.99191115069847
Gene447,74.31931987316034,4.814283597835345,130.28949951919873,85.22638743911814,66.78046832264066
Gene448,59.32215701073843,89.23024981396523,58.53301795287145,7.896916219082861,23.95101699095381
Gene449,79.45782787001903,3.4670266726483323,98.28068350834897,99.54375161913099,85.56960938375394
Gene450,52.14456890435895,6.364090928664234,123.13735143857099,59.89785081772106,11.493299705956684
Gene451,9.38572848233562,90.96268194365923,106.92002629380784,82.92867993167555,87.89789002822673
Gene452,57.17723520483222,51.74463517550413,83.04274103209902,31.69465877911193,43.459596085871176
Gene453,77.38796557301563,60.19234310151316,129.25232899548462,44.33800143791877,60.7089578718754
Gene454,63.130755309198875,59.16971623063255,110.26337730855164,23.74334683748063,51.23637775457907
Gene455,10.422480280834767,38.45113276448126,88.76670686212644,65.22242595454725,95.05310525862035
Gene456,60.06510665483559,74.35939161765597,90.62660594952027,63.41040313763313,7.093221613377343
Gene457,25.439158084184697,36.185309320513866,87.24933550065136,4.564874550238374,14.002409755331769
Gene458,27.68143077913058,97.15326909010507,73.13470071030508,48.20410581120825,19.609771273839293
Gene459,61.07800710757682,28.068321551597432,60.69925784384267,51.65726284459791,0.5505799160420821
Gene460,0.7664032649225327,21.906880910185777,43.67213625008211,10.802575413069137,33.88606493387516
Gene461,80.25856795798128,57.204864336930086,91.26677259564164,29.348882320812166,93.17537194328163
Gene462,39.70150412371917,8.70927667957715,101.70665161178013,11.38383934766014,34.52231428016921
Gene463,50.74119387178089,87.42225246851758,89.35465803401186,70.22587660316643,99.28168389990704
Gene464,13.148911989798162,27.47315255195195,79.45760755976464,42.18281785388314,41.102107526554576
Gene465,90.76110025565549,71.40326444668564,100.79052140907038,30.93727178627821,82.37903842212947
Gene466,95.5060511484989,82.11982825502265,40.15651051914729,63.6401370183407,5.1135381442100725
Gene467,25.760722033372186,5.952470034777169,100.37954529493877,68.65899134926067,11.448763806590511
Gene468,38.38388830449795,45.6236508955542,76.90530217609165,12.102500048519305,41.89477901874754
Gene469,75.11780478084181,7.100766453325546,48.018001408190344,35.47712918359842,94.1725711618925
Gene470,66.85726467229141,67.86699566725648,76.1919990837865,59.36607912085384,1.0131184027743378
Gene471,63.60960464095422,91.32869475762368,101.25734683448192,87.3698593466345,72.39730554660937
Gene472,12.055841640369025,90.24533072858418,46.644384435577486,53.39674725477638,14.213712379345766
Gene473,1.1706610730904066,42.2034260127639,69.50407076541562,48.6000493797603,57.71998867345508
Gene474,4.373907230894735,12.300329512374564,95.86423964504255,34.316735317265824,72.9173487549448
Gene475,65.22916485919397,84.56043629899068,109.24928266692253,42.99310773901481,67.29666223944324
Gene476,27.538117425541852,30.63134987782127,118.89851599207933,44.64195164015822,79.83803405183525
Gene477,82.24223736682784,85.75623376612837,131.66352358412072,43.098522051329624,31.886681832113883
Gene478,58.21987465941139,37.117242343762754,100.1074166800233,70.55858626438246,68.84050184921368
Gene479,37.45528870201213,16.68602016987528,83.05293384622075,14.259414408190874,89.00970351838083
Gene480,34.58774607378574,15.445974722332378,42.54477599057509,64.58223862864843,63.69023174547432
Gene481,34.060416658129164,7.171188884765101,80.9628894895232,31.12174950633936,67.71206397350093
Gene482,60.57792494526903,36.459372819754,61.78925542549901,98.80359661555919,45.40016211961149
Gene483,68.82742357802371,14.055296757836079,88.55896996593978,2.7536719869465487,50.545511791044994
Gene484,96.40174071177023,38.420671298580025,43.899601257491156,3.095579091934353,38.798675994686946
Gene485,16.002493646319405,2.335209632818591,115.62136139501769,45.85230088818907,28.924477197265453
Gene486,90.00831830164807,11.613896020052561,135.5918828955319,31.396671737735282,88.84036723086813
Gene487,60.294287647946156,82.67073597414874,138.4013163210464,28.840543781874572,96.1135485407593
Gene488,38.94818949024204,38.55119047369223,74.03871042545057,54.14076073475852,15.41450431784871
Gene489,55.37114853580112,54.1704812410004,116.190181260487,83.36499619375856,44.044135031242405
Gene490,30.233324935149376,25.933489731709447,59.46238367048719,5.764758219902488,34.244797883471335
Gene491,27.024769213078326,96.64173858664074,95.77088262500439,34.72770390305075,58.0467600993696
Gene492,13.91967013456955,44.40437492022029,102.62343214210638,48.889783179245136,40.177880065432426
Gene493,99.38483888996981,88.0314762148927,102.34059581594401,56.93773611822828,62.06604798245841
Gene494,20.131210782243325,39.51377432643186,43.94595328908993,47.554603748682666,54.302458395766315
Gene495,22.77497361032096,96.40288471655137,130.9454610937242,72.21432354559059,53.33866287653626
Gene496,86.99691596476849,13.065234382346292,119.0509794274885,12.48208139668483,79.42106625494054
Gene497,27.576756825135696,87.7090581018189,134.4042093825398,14.879596940511563,46.267560506539354
Gene498,98.09873781626851,48.34074359731466,126.35475225145451,58.87315221313199,37.53299079196019
Gene499,28.57835555258702,20.322309108608728,116.17981913776973,38.65405068230279,51.12754622007512
Gene500,49.23254800011819,57.727902923313124,126.55771456245522,98.07393435834294,40.758420857381694
Gene501,82.7518922106303,76.45277946547176,57.352895145557326,125.60471436119332,20.04745155284028
Gene502,10.92642103096214,85.39619669554222,43.91498166337483,114.69688542070605,89.30902051954149
Gene503,6.245759361907144,88.34647629860606,44.831905536942216,81.04324890042322,62.659251109321026
Gene504,92.63826067300867,1.911609442976403,47.68434683178171,98.77220424305607,72.27069576982285
Gene505,69.2532431537108,13.443512940812186,29.93955883716812,65.87155254170135,80.4437207679505
Gene506,27.875987241455302,21.070496386720315,95.74480190380962,30.88632851134689,99.78208556819781
Gene507,67.68212988573956,82.84692994491171,29.461939634619316,31.431527766705997,73.78695185615301
Gene508,83.41445970006758,74.04761319535191,14.285028730083859,105.34279222569691,76.8922782107641
Gene509,65.85405156700548,76.61159327955862,84.59214396777321,91.36041142374584,8.860471396967906
Gene510,48.76278096672109,7.764933467160507,40.75430310324308,70.71064891256276,6.600984414024158
Gene511,34.88205339694793,11.099809879131485,80.82352100092221,124.76880259644707,7.231647525793861
Gene512,95.51152072917014,52.25765993367452,29.95656779538739,37.686207527616354,50.06242680704178
Gene513,79.45155444907486,70.70864772666981,5.022601146397376,37.29018353679035,40.28732826326371
Gene514,29.52904940479433,23.238432305604782,28.10044989087136,110.34827432968846,92.92280536318539
Gene515,40.510269452756646,90.61110021324971,32.1495701247882,77.64369863437916,22.602899781599973
Gene516,64.0476042175844,97.89811151748088,60.34930960433786,65.78140841135489,64.78174459905284
Gene517,12.292067846538757,88.86590802653987,50.30839507798363,74.9349742039642,58.58647884535192
Gene518,62.47838627894025,7.177580622651303,68.26172212234025,54.19316803155296,71.39526325065899
Gene519,82.25347943841967,80.39585075525203,55.25009674078891,82.01698923107512,14.287596133941172
Gene520,77.53461504031355,27.140938044671437,49.669542281794655,58.42740929275167,13.382836299969314
Gene521,62.95576968917366,5.4332034822903825,74.86452341262,61.75867952611166,0.013469300448532007
Gene522,51.11291392372298,4.6851908527603126,27.616955782089946,100.69764874557161,6.268962162186586
Gene523,83.93384923560023,0.3819922658583108,24.682386920190226,104.09040561520715,31.627014972930677
Gene524,10.189238806601352,36.02339188004279,27.039328638452552,114.27119021605549,31.334791758514314
Gene525,78.89324717760073,89.18721448107347,43.381741957652956,120.9943143854392,37.73180539631929
Gene526,96.40784164901082,8.928952452557294,68.70192665032427,79.38140404569288,38.76488054556471
Gene527,63.27118787486009,70.38570916343312,0.43632696503090873,46.69530887471987,71.30460506343186
Gene528,66.63854135782064,96.60475051286772,76.1037790250783,125.0772707731338,70.25405015348069
Gene529,29.805220863944314,10.536492225085647,78.18238633449356,94.4149221475916,4.818601239329623
Gene530,36.005046590097834,95.67998154842861,50.04011457102012,73.27291360197046,45.7699605159294
Gene531,20.88827240051637,36.87071708647952,36.98132559871766,35.23550201874724,76.75676285179182
Gene532,41.6504431903879,82.21798868164232,85.03480011198954,51.19940546986581,65.73534821701286
Gene533,47.22818041629817,88.0156737921485,21.57406791764541,97.78132003100443,60.775212225272256
Gene534,29.53014775718328,13.660090365117261,65.16397604772766,103.85974581323308,31.562734376335
Gene535,64.48326040223138,39.51309076115032,71.32068832826177,49.92152748940531,89.02150026361744
Gene536,28.74095964655797,36.77859877561529,5.8091952080349785,41.15122123212764,51.58619027123281
Gene537,26.75926767279715,83.54802257421944,1.4693388654953843,67.90940486719362,33.73455467690927
Gene538,1.9327630917601035,12.436839900051023,41.36426749186353,79.28645844474465,40.42897472548691
Gene539,53.093767841209385,59.51316749056815,0.992382112783563,76.40951594535039,96.34992408875883
Gene540,51.90322801295487,67.75422674589532,31.18638579168832,107.39913781527625,77.2921481876115
Gene541,52.129604765413895,97.60138232792136,12.555021476265338,31.6947664889581,77.0158211757096
Gene542,80.71555373648826,12.020722912057625,26.55828329586061,31.75523633666289,29.33086107805647
Gene543,77.31418739186715,51.79605277125789,34.80955931682881,67.17392949063303,0.1353625715468154
Gene544,29.98005275652359,64.64587416379305,97.41944438163571,114.70608269838995,2.3594964645529126
Gene545,89.85606046748393,78.3198413298626,78.03761235709804,75.79957590035715,39.80052929545028
Gene546,30.29157288331926,6.569485895436578,22.82353634936991,54.660363497802464,48.40770697102016
Gene547,74.7444406596694,47.38098283979466,5.784444944716061,125.77898009882038,94.27243190941122
Gene548,78.51895431484084,99.13279015642206,54.448233280026294,126.27683502532061,7.560504061675077
Gene549,36.568074826137135,22.538126800676583,19.583308413427,44.080294889267606,62.241364156599666
Gene550,78.1321855747305,57.82983994203607,14.696270958820968,111.11237699334708,63.59547071637285
Gene551,38.81657061269955,67.4130295536063,25.990497924283286,64.51922084942106,91.74858431319902
Gene552,29.05045056714204,46.99882681579366,89.01411373960147,100.77213502675275,6.220322616470275
Gene553,14.730304427897034,0.7841590771916818,63.09217902291634,74.76734254104184,13.427485090227552
Gene554,95.79341210567705,52.96597239456199,24.189329411288917,80.06035711547077,67.96203327351078
Gene555,7.623921797356448,27.4703815047892,80.69654908839937,75.96648704026612,54.65771420322949
Gene556,43.28160022094693,4.389994264300512,16.574977982015593,74.55416387418909,20.918546540792782
Gene557,4.997902865967873,84.36496640518237,98.11925291641158,109.31428739967394,85.3784921704667
Gene558,24.197713031704538,96.06269755131997,19.692570445342838,125.14298103618323,99.4819293965951
Gene559,71.17228057460487,98.1143731791822,56.95397795671037,55.954178317609035,43.699588566562085
Gene560,59.35609353787859,7.308156202701499,62.234326461724606,128.11778367622946,19.010764978372762
Gene561,79.25951162883833,90.78987937796194,94.37015928202209,126.01356044054472,52.14596387214719
Gene562,97.73079079915037,75.73102071344388,16.16714362369619,77.69001064679699,71.8331175372004
Gene563,24.734031581908333,64.06151835488873,66.66004790466192,46.26997438085659,56.50853124527563
Gene564,77.16269109786077,49.88956645359419,1.2103116776107425,30.903846907929218,35.702934397001215
Gene565,92.6194068431782,22.867677960360876,63.43636888716871,52.20758706933206,32.16699896595486
Gene566,84.8042089601484,72.88614422699469,9.539927731321063,72.87020209864336,2.916976364526447
Gene567,48.0890146603009,66.24340117010681,11.850262359815156,58.888493890916564,39.783662550215695
Gene568,91.95310246560497,99.32550154229641,4.491129899561585,106.1007923495392,37.17240664023432
Gene569,39.245818622948,75.42649733470228,91.84264321454087,125.09285945025483,57.712258603832076
Gene570,35.71211593005028,78.75490858587793,25.100138326230027,86.40740288335178,35.85784615248732
Gene571,65.66310737078761,24.03989128935069,19.159294573482576,121.8239086675437,10.18036829495369
Gene572,50.595790773493164,22.085278296300892,3.892996332566745,33.60188182914264,17.522177210582733
Gene573,86.67703545060003,28.247874397702667,95.04591705752958,88.16222929891936,43.66141897687661
Gene574,58.00888346694546,51.669838522626776,75.87762537573252,58.24960659728522,35.30503916003024
Gene575,89.40943025332507,94.64565131504055,89.25582274864745,71.94479939573137,78.03655030068816
Gene576,47.63357333010988,49.75398521461022,20.468010905728395,89.11303032585164,18.613589775334795
Gene577,33.15646990671938,85.50302016199352,20.707580921085523,37.11582851734328,6.90075926128163
Gene578,94.07845205031079,50.69204379618346,40.941207181701834,111.08785810079185,83.5825927910516
Gene579,33.21910331156046,69.36180574737952,77.11228158518865,95.46506868659546,15.159507480009937
Gene580,87.5883083517057,53.90945527360087,28.24724263700037,72.52281854376939,3.757109039890738
Gene581,12.786680122241755,76.55467505158609,0.0011634755366141114,71.65658284822922,52.251018108558846
Gene582,5.4634420000972295,97.30781629723329,22.612533124967193,60.41987196362808,30.39425122550273
Gene583,23.04166621173499,0.1473822086311416,72.93447940879963,126.68454997992853,22.429348328504506
Gene584,66.30471918034225,74.18963269587151,84.84253790905247,72.26291970136091,30.293090564042924
Gene585,32.52951340230311,71.26213330985128,81.6779466505636,48.161396775660265,37.09410081577652
Gene586,90.19401967491501,80.66935196947392,98.48584027624759,105.42482596820807,39.319520102792225
Gene587,59.06378339946377,66.10142542473203,7.845581631712395,84.44969591038651,70.93208284726096
Gene588,16.732130400106037,78.06317174255571,58.37727805141116,125.22217856975946,4.24222982068917
Gene589,26.5326137555467,60.15538792998241,29.65599122059307,101.44241640712423,75.9005282521931
Gene590,10.251596406647446,51.38544642067677,50.889055559105586,66.92807702155412,93.29248625696721
Gene591,82.75063198732212,69.72093819096368,71.43266357349975,76.17161438131191,92.09945210965759
Gene592,69.45954272532853,72.89810616558164,86.16909037873452,57.4071589342191,80.7070903866703
Gene593,19.524060295649203,34.53419522448878,33.56104542698427,127.85254683891405,85.65372237479268
Gene594,70.11698615902597,72.70567616153902,56.20727944025711,124.70906671085191,49.62587528823615
Gene595,38.05177098698945,16.3035336931591,78.6205652261058,103.44439320755914,38.43550385241349
Gene596,2.519341395922936,83.89973277180107,1.1417983454073632,100.3699779629051,97.02571097260571
Gene597,43.766132814820345,23.497340499595275,70.48710100433817,111.71281420155852,54.64303160778473
Gene598,96.70352752561462,5.166872165796111,50.479559830452814,101.845394732255,86.2640471149179
Gene599,17.925561190779003,80.00034817636814,55.27070757185453,69.65536819899631,13.171502857909356
Gene600,86.52957589089124,15.727320817971535,30.978785920909925,59.00455319624369,87.14140341908544
Gene601,67.2702994208898,79.66813971913723,25.046789879249896,92.48740996069989,57.17459831437487
Gene602,83.28303767882711,90.60870604812605,1.2156771477386807,97.40199190587927,5.1835799119729025
Gene603,54.88586650773559,28.76327290436782,30.67765995221412,65.29585034523566,62.12924490496101
Gene604,33.40499656687692,73.26990505902803,40.45273855738697,36.83532003099586,78.37598424841073
Gene605,28.5758324592706,43.276687959926264,68.54438832219016,63.2456157148712,5.658565614671563
Gene606,37.39210470128136,94.44485826943034,64.17343972985582,97.1479148667207,63.22821536376399
Gene607,19.899213895943678,41.833386410228016,75.09397983633183,40.13728975531592,27.785277608971228
Gene608,27.631910846585363,43.2018927594506,98.0368740942185,36.7502546683822,51.870099438059505
Gene609,17.936468201221047,97.06765454097442,11.33035047274642,70.36010023615913,73.78849848346061
Gene610,70.45544280274453,42.272863689393226,34.652416795271826,69.76123785528705,26.42762631586393
Gene611,20.53329387067998,48.303969755889,26.853375606760732,58.74616648972501,65.67560634745571
Gene612,96.85373316998923,60.363720055937506,7.697946706496628,37.5583613854067,95.1423220845566
Gene613,29.729079030733363,9.206698608247542,59.90445871503815,92.36487782902661,64.85048201186882
Gene614,26.74020278575413,1.5110684214475034,96.50153694544719,55.08930456911025,67.60262880525475
Gene615,70.66298698787095,61.00074170794857,31.290739421364822,57.109625376406576,59.76682827027031
Gene616,86.60956336116915,94.67337289233956,10.590580440375764,45.48286125977199,94.47362587830797
Gene617,73.65352283347926,88.29938248297731,20.263263413534315,88.75858711094018,70.11395944174737
Gene618,68.01118854469726,40.81516908666981,1.5394891691308477,88.2926056804263,25.310153917960875
Gene619,45.02542461428904,95.75810150838173,39.903531764243475,113.98016066644267,18.854060574925114
Gene620,67.24604980250288,97.70069544389435,10.189310087293679,30.831994222719203,43.35827926326144
Gene621,9.26254830513672,74.83843496762313,91.45486638485589,73.40209727087588,25.871164215544095
Gene622,43.44033190066098,72.3447817850001,0.9054161580370979,88.94539894846972,61.329168488737906
Gene623,63.76882468959355,24.202207998087722,71.40527233781268,39.13914863317764,19.92703364668008
Gene624,87.74700466544819,73.87231507265663,1.3745554011345251,54.83762603698002,21.440648299316457
Gene625,27.080632803697256,24.755977027988642,6.252629574284574,75.89405165968203,73.27334747861651
Gene626,60.67317247174364,67.28716685980798,8.114917853623915,125.14907101767872,83.84918338430248
Gene627,80.50903184956627,82.29838050417675,93.27105081327613,84.42539661136976,20.02820178676259
Gene628,61.678360785254114,74.2881493667939,73.79173933540254,82.14490241668801,6.845871933357806
Gene629,37.11129384301278,92.07666084633573,58.4448909757426,83.83319432557134,26.885351438219352
Gene630,36.84489199165789,89.53460891531692,66.64630475268358,108.73870267523328,45.434542306765515
Gene631,63.024721945615795,24.838360874320752,70.54608302834863,72.76013337033373,44.25455148147456
Gene632,64.93223245768817,93.62806214689266,6.400634660862092,112.47432373470076,29.238311041219312
Gene633,44.391945450637785,2.1913328775008956,30.1046077834313,80.26312426301305,5.617607734743901
Gene634,49.10957293831652,92.71106288584274,10.539321810780521,106.44407280755044,40.967105337599264
Gene635,65.5173714524338,26.023659798522935,15.949226254135828,46.046261427122644,7.049194564314465
Gene636,18.564670490124303,66.42193849889682,88.16906118435081,111.41256855911618,68.51343098744842
Gene637,11.043186341110268,28.918744629594983,30.980687532246897,54.99569463976212,51.50056597097231
Gene638,53.55538148796726,35.68859751711102,35.3789158736436,112.85555979060814,78.92928483196856
Gene639,30.779583168074566,91.37884438732593,95.2815017002506,62.67425420300408,35.442494879305485
Gene640,50.56341534219588,94.11208125336735,87.63194331423115,40.25679625835898,39.27307432714162
Gene641,55.33711897497719,50.313247255154,19.38630679368927,115.88167711681547,67.69407829968374
Gene642,83.79083748518036,85.87642793494722,74.83558536657398,73.92106012497173,61.054675501542455
Gene643,16.036540611974313,67.36454174749078,17.925325573928074,99.39495905101568,22.959816075396866
Gene644,11.755130015021997,16.52844901429574,0.1992135219070268,101.87396178535302,73.24010490583791
Gene645,51.493334991325945,16.13628010553837,8.355433751068976,31.9128966437287,16.57481769652207
Gene646,89.08555349831467,24.153684170168177,35.42713272172156,40.53454844813332,22.236130474817028
Gene647,51.922457078020514,60.775268309565256,24.535231416621105,35.773215922511724,39.10328691273987
Gene648,23.420337092633414,21.955392322980195,95.98628027134552,91.63004859257241,55.68784431720959
Gene649,41.57751035233219,42.89443334301443,54.090500383808084,99.64298070361072,70.21460961818295
Gene650,17.169390770544958,50.0112752076627,41.195809503410196,117.05269662693841,63.14189212183764
Gene651,53.25040664159818,11.539464217891737,60.56378893234115,41.72039056802334,33.720657556575205
Gene652,14.284196481433186,69.20736470243689,20.62521138361526,69.1859373188026,89.56747776187787
Gene653,20.431638339897027,50.780506395877914,41.9271661166022,31.812404104572973,79.27581135728128
Gene654,6.904590631459973,47.42550209769536,56.06782949389499,92.8426456614587,68.86316293078755
Gene655,25.327238352271507,0.9978776658449373,72.3443662354912,83.56565993475786,83.61177032072487
Gene656,82.13883629006943,84.33261677878832,48.50946599795402,63.362839583686565,79.155820259137
Gene657,45.12941130292549,18.34421964034345,85.49740195614743,118.25598767723473,46.63097561401701
Gene658,7.569972730978747,38.782608991693124,80.35376594626034,120.17740285462287,20.347274249759582
Gene659,6.697361202527152,87.73504531328386,38.94049389788753,84.17609642675632,96.80658120507589
Gene660,6.656472791422285,64.83180074520956,7.410542257486707,67.54689284665004,80.38145451934467
Gene661,43.34722327556344,99.71823539029504,55.905928494660216,62.11621526359535,22.011132590475313
Gene662,35.05205342861618,37.25332737595508,6.8713677723960975,66.95741994267732,46.423851973922496
Gene663,72.27377522388046,65.6729484721608,70.87656552291543,30.83636818768571,21.766739958053606
Gene664,66.16842883998565,48.398936817974715,0.5313475668345946,110.44946424318223,77.28095732903374
Gene665,54.841916299356264,6.646332577627212,76.65150495325847,88.3713587731364,78.19599771579591
Gene666,75.17469923958404,80.30020719578371,51.80080664046248,44.0324518193515,67.11574733796887
Gene667,62.04737850519706,74.22531871990871,16.98810060507353,49.49751999002892,89.04095172193284
Gene668,74.99777984520708,90.82284887003229,75.87153211639207,89.71553059903019,65.41327370278736
Gene669,88.91279239400099,57.88067545119405,63.239132432838744,45.647671600360056,47.39212201161027
Gene670,71.6397111958099,27.09426983163654,20.22541805245349,61.38268082244156,24.150062799283344
Gene671,21.491263703639586,42.48508428680869,90.78385138835341,80.70596467387182,18.792038081532304
Gene672,7.697166938087408,69.61561451379252,38.279876443638784,112.18309465853592,65.95107686407702
Gene673,79.62414505413685,27.194603941844875,69.2358922461058,56.40619846937187,93.90684794502916
Gene674,63.63742815333744,32.451180017534206,26.951186229227265,49.09265850716435,69.46409588937279
Gene675,21.87156129979273,59.53032659274891,26.463502692535734,96.19689447938686,81.49397285405392
Gene676,77.80252431446532,76.08513309307817,18.772240569225207,38.83849469845187,69.89488284873856
Gene677,36.83472137943513,43.23462264033473,3.1149092793391064,55.957644927504916,3.3676403874464023
Gene678,87.91857726012476,24.339668321853047,55.73371695730081,33.89793206611304,66.6847391305658
Gene679,32.30273457540939,89.79191869576658,88.81181889340358,62.529061836174776,90.09608956904678
Gene680,99.61576734987788,82.5415664123948,84.4871347755229,54.90087361090899,57.67023988577563
Gene681,6.725591396736785,9.491793682166971,99.88926120332906,62.663924942591095,74.81839120488463
Gene682,80.66650530268164,85.80232710072292,99.76282974021565,54.149648525686786,4.035082685969971
Gene683,41.1191517994586,13.008066982894695,2.2425889162055124,66.04268271414861,78.37382510752364
Gene684,56.61806912250709,31.277798921035405,65.43420054927196,53.20181803088107,1.4381446072085025
Gene685,76.43533864364274,62.374308486400906,76.23026245009599,33.893801668766564,83.71196278306522
Gene686,61.95262000363033,56.33953507126401,62.46140481145316,116.4433246868364,58.69365065589071
Gene687,58.095037988817936,99.06791570657658,75.6730167068568,74.22938054511353,70.73970000329277
Gene688,38.92304716917885,22.8875462483499,59.68518768877594,122.81820981139515,92.91395200154628
Gene689,34.19052781054903,52.7677466221695,21.16358985698612,129.56311094988834,98.11179078679358
Gene690,64.95089297074473,80.44140596774734,71.51001612837,89.31582190394681,5.3347996988897695
Gene691,45.476434255266106,67.47863021674105,67.75316138836847,67.31226184223836,94.16919866580305
Gene692,16.7357032236781,50.03594462155606,69.08839765508228,99.71358058918092,64.86389567688155
Gene693,27.528821345186017,15.620656868662197,63.594032682671084,89.93021161394378,17.935601028924097
Gene694,70.51391455705634,45.51719917336564,66.7760591603153,113.73670797701507,16.972842857692317
Gene695,1.9144867996836679,77.91025863957867,60.96974251526159,99.96395696221217,83.81549749886426
Gene696,80.28109348245005,96.09201469288247,53.59350788521182,78.84956326599054,40.18871998907301
Gene697,15.369104284420454,57.26072328820224,27.70125243259788,122.13075122129754,58.31908042770976
Gene698,59.284018050811014,35.492466087701004,5.198935197770749,33.17437653729886,42.33351441531975
Gene699,8.456537809723786,60.68469555401391,88.09730056396575,118.29148165187222,65.90454101322324
Gene700,21.1231831472931,86.29968313588721,88.60934353132082,49.66535849529587,73.74260857706773
Gene701,28.651954892712293,80.26403123529296,99.72378999036027,3.0026005329392813,139.73658657909317
Gene702,62.26305335986581,97.33826191648211,46.50095175264276,84.73879305713737,56.239406859827724
Gene703,33.527905007829574,6.701653775120997,97.53431334790706,81.69739072718367,135.25474212459704
Gene704,93.79652314338942,8.510348611978536,38.55975925133334,7.103488904400212,71.07931015500286
Gene705,22.936577703767234,46.91072110475787,26.856216745364257,10.09781068177611,66.74910890941078
Gene706,14.727556355209092,97.30767979122983,75.92925069184736,96.7761465269562,93.97404865079085
Gene707,27.83684816626566,79.82931972091866,32.62539180411468,29.93833737053483,73.25059922078312
Gene708,12.967897822423534,25.646306101676597,35.53197484738877,67.39942081457303,56.25648422194516
Gene709,21.050693966534297,80.90236402916764,14.692192358377076,34.26451465225215,136.46589218581403
Gene710,15.492531114344265,8.27368356181899,48.45379950800108,30.24195112785364,106.3408364483854
Gene711,80.38048904834751,13.714848815274316,58.0699084554285,50.550876038986395,64.40787860131996
Gene712,62.39984855289824,27.364041786077166,48.78343185440125,8.227232427706188,95.95840572136231
Gene713,30.646346804282032,82.23812111853543,5.697872699736828,41.860727491832996,95.8431424131438
Gene714,72.50060762991187,57.428757509021096,66.72123371941811,77.7049285651756,136.22029736581888
Gene715,31.38754967224705,53.802270536390296,84.01080784391999,98.94511309650565,138.9519311043763
Gene716,37.14672626243768,19.516651721865042,48.93925374065887,74.16414518360422,99.25690707532976
Gene717,48.31808633136685,83.82304210818006,36.14037790671863,85.97946748116456,90.68048009517236
Gene718,32.82331056783394,45.3989911199699,76.24469586748684,12.600202786399429,69.64192158720174
Gene719,95.1444825663092,17.54916273813574,56.77273179310546,57.931446666193786,98.96244620502448
Gene720,64.47452485768186,22.982672579761843,55.266226777674824,37.21732552468971,116.1667259629189
Gene721,14.122354337314945,57.08774168394763,18.52703553833237,27.86430631150364,71.87098003235832
Gene722,18.28377798688171,82.5710951560667,28.570756766089033,92.71237818644494,146.9926525345191
Gene723,57.126046993709735,14.30011226657264,37.45482433795813,79.7732263348214,86.73907286970704
Gene724,8.701721830278874,55.678491092818795,84.51208514960348,79.59263871435024,67.51231401303532
Gene725,67.27646144124667,22.05042634356471,21.820753455217222,87.40717733051852,74.96689527402302
Gene726,26.32473465180112,0.06533907612995549,87.06690341255177,79.25948132091347,112.7328935090678
Gene727,75.02657639388423,15.20485674244918,45.832359458757544,35.121938734878086,59.37765262570165
Gene728,48.61304852149241,92.07396503426354,4.005911905069448,29.14609134937939,70.75409362057034
Gene729,23.81466536656963,90.84345518793752,46.806905423429015,46.62994129398188,126.05756424552823
Gene730,15.44922040049258,48.72653541000508,42.99852141210597,59.69106905466561,149.95577032504386
Gene731,76.9448894082047,39.78657030174272,82.75530522740469,17.070836331248017,53.04636863089601
Gene732,20.444837246427305,34.041155611425964,51.05807574595599,61.51291405411998,141.06057172144216
Gene733,50.98540095504577,50.127564462572934,5.024300982298213,3.491155265622381,105.11599619163721
Gene734,43.81786132483445,83.91803949802986,16.067958471184518,2.49716621170496,94.90387679301259
Gene735,23.74785567522575,4.961437333883745,72.4598286847629,11.159299995724748,110.83195000077717
Gene736,28.104975016688915,17.3496050355022,37.97515229193175,80.14457762229537,89.20935769045727
Gene737,75.07696492110557,12.548629679915068,77.27714196650791,23.693332490664865,117.73931298888728
Gene738,56.57815548409963,92.91447172116874,38.732251797531404,6.616518883444044,51.91554855512529
Gene739,82.6858560972753,52.473563766143215,77.52440518349492,23.44256000115147,84.50837455132337
Gene740,3.010387221131894,96.14923245741122,66.78679067008134,93.32050877593062,76.54964074290723
Gene741,61.146361122566084,67.84999682926379,31.754970025758844,84.81092350156301,144.71614629002477
Gene742,88.48551176960044,73.90669759393725,27.746467972495402,28.161604210563173,146.3360320446038
Gene743,1.0284495935692028,71.60499732421445,70.62461625552622,62.26895409497975,149.01088460868658
Gene744,31.187943576372522,33.997186379324816,7.893940294655555,44.27981365437375,76.10485262348482
Gene745,34.338670217764424,83.45717902556277,93.54845135274957,18.573307200518563,87.25089315534659
Gene746,92.8630562115394,6.180846068922263,9.236052811137851,16.279098920622936,109.52128341268747
Gene747,15.047227100599747,96.80763814507335,44.671452725852035,50.15179603501664,74.66586158054065
Gene748,47.09602524347335,66.19136326370115,75.11771369540428,75.3868082709913,107.78911126940883
Gene749,90.43597749938573,81.74078473061094,75.70481146986255,5.560552168046062,50.68779622196493
Gene750,21.244727719547296,66.35235939134523,41.119748888254584,40.24062592993117,138.4586888229614
Gene751,89.55628481318388,90.91752640535857,31.38780765150273,69.10558127392618,77.16331812743697
Gene752,19.060983307444978,18.463245734736923,34.2107620863594,42.99576197798217,133.09491710550685
Gene753,11.98910934727121,73.49258473948942,53.14549141893053,28.794534267599246,99.28195845328246
Gene754,29.994206977702266,59.608195523830595,43.38439228552442,16.440552907887874,61.65830745556967
Gene755,54.66956820721302,90.24130332861034,34.395768655768556,73.30001072226231,115.8661354939767
Gene756,93.1554914309481,82.09810172991409,56.660525890546296,65.70304982341074,139.8386466584035
Gene757,39.95187845869348,32.679470585777736,1.081108363519634,82.65510741914642,130.0980700403365
Gene758,10.445451810015138,57.68573811327003,46.398169816688736,11.870909550911147,148.05682270607235
Gene759,21.469588746335543,6.723418009056115,59.48473795019096,73.88666771330327,53.2443446047187
Gene760,65.87176387270222,53.22918759514545,10.326500887504842,17.252387694636205,106.79742973160805
Gene761,29.63576135132884,93.8315728651316,81.87402294840508,98.3567206513663,75.9670838950414
Gene762,96.9723632797977,43.12338697915579,34.751879531375465,5.034952696935324,55.27652578596026
Gene763,69.20112559466547,45.79289944340279,22.65216260361057,61.39703063252326,75.28581182501111
Gene764,57.76317543444226,35.92087469826903,82.3552226611819,82.06961607667793,97.73503981224013
Gene765,35.08191093350156,36.25597965590946,80.57145256682179,32.8179482797612,70.9059373706846
Gene766,8.468834187530682,46.66931208844084,48.213209891984185,84.09087104029072,72.1238696446064
Gene767,38.099127366839994,80.8405738893691,82.36236107489735,38.46110759787682,95.9124023286681
Gene768,30.328589084928293,93.2554878419312,11.864376574158031,93.374942300147,118.38664518353433
Gene769,53.15721526867312,3.2659060784495875,47.55961918220083,40.774810500273226,66.12188119751225
Gene770,65.6409603500657,97.11509073682858,56.218881106452514,71.47532764439458,56.84504525660168
Gene771,41.76669958169947,11.635848516449588,61.27958355365104,93.84821582141547,116.17777324716386
Gene772,7.680304831442153,35.466620498508284,55.066337944085156,40.320775613325225,133.36440104751722
Gene773,81.46710047099891,61.183102010322145,37.345794513270526,25.533637376324414,60.58743182131293
Gene774,35.4897683486554,41.31725172077195,67.58229251040736,65.81598242975734,57.010813964125695
Gene775,39.525931543115775,18.177886721736193,15.68127053168057,82.73021497372459,54.19152167162575
Gene776,41.91828759021213,16.82036557665182,87.9330215678474,55.704051327503514,73.13806363768481
Gene777,50.24272871663764,73.14863597031159,95.81180089194338,22.044600424541894,138.6181772129345
Gene778,93.43041141674902,91.64205445320663,63.54143568619099,62.982065443470766,90.32106331838227
Gene779,75.23978823037879,53.12940183509319,67.74380712282945,42.84579038487954,123.14964640431391
Gene780,82.4471517604549,14.64362566028161,83.2929715574228,54.029653179030724,134.46659090902244
Gene781,43.13017063410146,37.904048538303506,91.50607325172224,25.11692675484013,134.42123252861433
Gene782,48.40205725094041,51.40954425512597,30.8468281489484,57.30422006190157,82.52111962762113
Gene783,3.926941424165231,27.199860534435604,0.6379043406590679,97.83547870568566,146.57472098197474
Gene784,39.5155297472305,72.8370854339646,34.580609841042495,67.1093157085976,130.5430043045979
Gene785,94.67562446922408,40.0212275849672,78.32979829560477,26.59284506321188,149.03323037936485
Gene786,2.5769598764351143,60.3528806501121,65.95059816513272,68.80455570741289,62.0387578789089
Gene787,93.85297834731304,18.11832790500828,62.27534032398411,22.267607912308495,80.72164170212709
Gene788,54.645854172812435,41.719341856457646,16.02256009765063,17.093640242084827,91.81447881627997
Gene789,75.72829782755008,89.79646468477885,8.412766225938284,39.310390755940105,60.02455637228766
Gene790,1.6592480632597884,66.17186826439566,60.24494419665878,16.301911381488623,73.38128330930641
Gene791,2.370775364451838,83.49472056944037,97.46905960485515,13.545953679469081,73.14752137652981
Gene792,86.8409523946934,92.64637979561849,41.96273828068103,5.062247226907413,53.93918336928194
Gene793,57.39498660690104,39.2895108893179,2.8652427577654516,58.32523923125568,51.13025365890225
Gene794,78.73719581492729,30.643282270337156,4.02580030092321,58.835222098315334,89.76844144330548
Gene795,97.38004133571495,54.41986625037022,27.52391810370083,70.94388646339748,77.14920025427114
Gene796,90.42432914075651,37.47219705073764,54.98685627762052,5.0573103824228856,92.61212379522308
Gene797,83.2363539660995,80.56488053633419,22.431855885352626,22.60790710105627,131.73053122132367
Gene798,93.03984201693255,9.536092127300355,45.005863942622526,33.745427896422896,137.06884554574395
Gene799,8.352491468001876,21.112594255803742,75.24683375864943,5.129384898121558,99.25353807142892
Gene800,44.210703467972,33.44011789887487,39.457231531892376,52.99405869302329,66.13673583883832
Gene801,57.19958782835928,80.54323292999864,76.01609297901591,15.389990469377368,64.92494697414739
Gene802,26.817436774491334,36.10747263410372,40.84555814084826,67.96972168333453,55.66804321658354
Gene803,3.4672704226066386,39.191056294390904,69.71636921379805,19.343534295648258,114.15044812562518
Gene804,25.982813794029948,88.60861088135164,89.56899442666165,29.72872042813265,72.99937539632406
Gene805,41.13039720662313,24.05315851801487,67.23838432917036,82.60646845482856,117.3092130911217
Gene806,82.43504472493495,39.69921622074742,15.631697070886085,73.79509473975922,86.04745051415539
Gene807,67.12708252291326,27.064394198176565,8.122963480667266,99.25817954877634,65.62015079305993
Gene808,98.8420993963481,97.72799325664472,79.38181039080396,65.94229620819976,107.78070502510846
Gene809,86.61015453778347,28.943952161948793,46.7681212484877,61.93899693665019,91.11904758694911
Gene810,42.7486454090268,33.02846675020844,56.4231816684536,85.0574528015116,70.15283780063129
Gene811,93.44330387534414,68.90876537482296,82.32732126800302,55.619069263001165,127.95167014240634
Gene812,1.620039733946721,81.83804247795352,4.013885908536652,88.99133763628625,149.19627472386435
Gene813,29.40674621767778,21.031855628579365,76.53633638580408,25.302634092025322,136.55623831722033
Gene814,10.28425921574767,12.595519637935826,97.91515551006155,67.38388982700046,134.68872244289528
Gene815,32.4329377351518,67.64837495206044,59.42418273085972,60.3150120122947,118.25324595377215
Gene816,57.53591731290986,42.906236930266594,27.592269438054686,76.8581330913202,72.62724300031863
Gene817,69.23543061544142,23.333282264932663,62.53301699544539,74.70782671290289,71.87138889065392
Gene818,5.994330086130828,13.097374299417408,60.59969672710255,84.94464062257356,54.499682123542435
Gene819,73.41512590416463,34.13186459500521,47.85283699195225,92.88595498455656,83.19715047358454
Gene820,46.5336933939486,1.3682414760681105,8.159872000483837,25.859159113478402,52.78522408210744
Gene821,63.1375326048251,42.63983568016225,54.814520272802206,17.464718589632955,79.59320294366161
Gene822,66.38244748527251,96.53027236303998,5.04167736022092,89.03843208552661,107.68812013112085
Gene823,56.39195667556237,50.027853520776034,6.9394085904183385,8.987685173616066,110.09120056590861
Gene824,34.09585714355583,91.72680665776807,40.659053735947225,14.328145870264109,121.4718833502036
Gene825,29.335342144100984,52.54703073558932,69.783278550517,90.02641112020704,129.2191194801676
Gene826,67.63610678727241,67.96331823951436,94.59246440320865,29.582409749653603,50.11120941961874
Gene827,27.19545593981987,21.7891379626744,66.18345851139982,63.3711599765529,109.34613827047238
Gene828,1.62434432094537,72.87780544506475,32.353041248549154,66.50559890066312,105.65784285021533
Gene829,34.27309254279072,13.457626710410775,9.441889766048096,83.15183331122236,141.8397542081558
Gene830,64.97880467642996,10.343411486048337,40.20272168882407,72.89392001051573,127.9820884010068
Gene831,11.82186222910886,0.003071884538241587,71.2137045880605,35.659617598620564,75.44813316182602
Gene832,1.289746978952544,54.02994067614997,85.11507354259817,95.76316462725879,106.57449506132892
Gene833,51.44613277398942,8.50563854892411,54.887280154259976,37.99790789653946,110.71352808835769
Gene834,38.87263478765467,24.029912345036674,9.49652752283765,31.491844458889574,59.66448342877523
Gene835,17.689695082398394,98.73361585795459,44.41035569066186,53.187176650501655,137.36185287372155
Gene836,99.55689004906878,58.27144493446815,81.24738210441717,32.694102433667524,80.57439574472912
Gene837,40.27037209945602,67.25072626736491,68.21916892550988,31.52394346494508,63.320992413662864
Gene838,63.239625646550856,12.832586218876452,57.84925082293301,69.3422128056309,120.06114963944516
Gene839,75.34721106595967,87.28594215656645,49.995899196478845,73.02491895295712,111.91727353658368
Gene840,18.663993979768257,2.568964486940817,28.454138567693377,44.30337063376194,111.71059444286563
Gene841,84.99593305032053,19.624571670616564,12.55497898984771,96.34799474743275,60.80445593764071
Gene842,47.84910701071892,58.55637287933019,54.137442090743825,8.603215703294321,55.702691400361935
Gene843,10.548342746103568,58.55876838726125,54.43448876343211,23.374079203674427,113.77741418455915
Gene844,82.00675020556494,4.157895984659376,49.81299435480424,68.93104121026903,75.23119270696871
Gene845,30.77709052931491,61.36379029893838,89.7935293443737,80.99244203028994,108.31302190995835
Gene846,73.02217177572491,36.482247020779866,64.09655280987577,46.6181591127557,68.99361364575608
Gene847,70.17382738772572,55.646463734882204,35.86215819535914,91.13391900786307,52.09341178267333
Gene848,31.5773151249496,5.688139777764656,76.65273162216272,70.21074541137926,83.1352218736317
Gene849,67.5662902207073,39.593722619594985,75.62537914224343,45.41836627367061,91.22797278316656
Gene850,93.4729915488301,25.087909989070024,12.044733999656543,58.45431132594582,146.9321812284179
Gene851,37.783921372718666,6.203676362878152,33.93052673095674,50.593165431955846,66.19230066322137
Gene852,65.8102218056492,99.77493890102006,45.17394759814438,35.472855673021265,90.07041668344667
Gene853,11.514617839520113,88.32736014262238,41.4825655521352,38.72744114248413,115.96902729304743
Gene854,44.203342093112354,64.8233468807846,6.144629013078751,81.37233437222274,144.05039528794026
Gene855,64.8765386159386,95.45659288588108,15.143231436996329,47.74161894803537,110.18067339454473
Gene856,58.17366474211867,40.14617790890432,33.80844093662614,12.68240225504188,89.17424505622782
Gene857,16.266081510548513,73.43656764922184,20.883093549458998,5.856530528453385,105.23661378172343
Gene858,59.52297327194016,87.19130612805056,57.69816124176819,34.54808537234457,130.30118815263205
Gene859,54.027889318742105,7.928028463119174,56.58505603132467,90.80185454216624,89.63126254982205
Gene860,29.632580189980008,14.346945701802005,15.144552193535732,43.27714843418189,109.56798241615294
Gene861,8.061540516960175,93.95685890251657,75.51336174451959,58.66239182836627,132.84386709389906
Gene862,8.01867568121133,47.68388777331244,63.00931268616634,82.86529061182893,128.34695600492677
Gene863,27.706924971339962,94.08801695592042,12.434584143087035,87.51336186211522,147.09402496046187
Gene864,17.715352322262557,72.20660642037853,4.028551877799846,40.542282513915495,101.6283299197674
Gene865,58.064522590963406,93.59372482485595,67.22506872941946,48.1277951219237,130.96750362658895
Gene866,95.05328209544089,2.2066148682290843,98.25212722560387,8.613213906368033,131.43867792687615
Gene867,28.033475255141248,13.217965775387174,43.98556397138349,64.39565794476135,88.09518450234751
Gene868,5.456540828269896,59.94611396587166,90.24032761106747,38.32153659472517,71.6332777630827
Gene869,44.25773459328154,4.836271104878087,82.04875844802748,82.63408109501867,108.80004634296284
Gene870,35.31028889383895,79.97833644457833,55.46870247883672,82.59323085500162,113.14587925830206
Gene871,78.44054732127972,59.856299321776,41.41410682156662,95.79458599261376,104.11138248788447
Gene872,60.50895185405384,22.048763941474924,62.565078942727645,57.160764948294386,68.48383979470249
Gene873,5.958709735314372,60.43593197147711,76.36922693503206,52.34013709220082,72.67726253196457
Gene874,66.65219766930349,8.010572660960225,44.183370480195464,16.33667583984202,68.44590510598834
Gene875,20.229394915820365,38.67070570439779,5.115020562039763,39.77934409290982,101.17074471147009
Gene876,48.329428496632524,38.27841004030405,83.91466080707525,14.53266924205041,100.56967437813739
Gene877,6.20414169565543,7.1155678877909745,57.38658496770963,56.6018424887821,137.80335128444568
Gene878,55.78736756600732,95.97910204048502,4.869484839992976,9.800768478074106,54.40658615703814
Gene879,18.527685033354004,54.12701109416781,64.5572181427428,4.55851579486688,144.59708898455995
Gene880,84.2165376650381,29.661248215709314,7.718753022646796,16.98870732190573,62.69444137549726
Gene881,12.328377929894685,51.85616886657339,24.58474424934003,35.81397165291445,148.95053333843225
Gene882,68.43142489253448,94.89806670470014,14.255655503311559,38.21394748325693,105.47318032823543
Gene883,7.675806188873802,0.41874436279578653,67.04343337969175,64.18195168014353,91.07888099996117
Gene884,48.96440760320326,41.54430005920896,2.4005044844888856,33.537160621746246,67.70822553972899
Gene885,9.842418910136875,95.67204338893498,59.935972504216565,72.86562842366027,81.53637432661175
Gene886,39.31471294940152,23.692399389672346,9.696567096542474,17.90316374415838,129.7514045296486
Gene887,67.75458051837758,54.69288759854769,47.508987286676806,92.24342836561244,57.273494777866844
Gene888,28.060081323791596,34.9937853570714,78.24258122127878,99.25146201619714,74.0670514757153
Gene889,87.43073341370805,83.06227604317912,22.46573976417666,39.933258019922256,90.96728692925191
Gene890,97.82206685265584,18.089190137889833,79.91579711047821,33.419271417310995,123.08703457761604
Gene891,42.001100429566286,57.835976311654,83.26117733261312,80.41655649838842,136.64231835397
Gene892,5.961732534465902,69.20505530397449,13.998737672176286,41.5818568018411,104.85884150546885
Gene893,40.273948474683074,51.961167580300746,99.65263087986192,13.521731371285473,117.54560453364256
Gene894,39.600096638561524,13.300979890732878,15.873676337430954,94.92731062456168,137.9601496711762
Gene895,90.70419604150219,99.15327758273865,20.831539000851794,35.543933736406174,116.92190299248666
Gene896,48.38025398606472,41.83895333783335,35.781124933559305,59.37806319434522,107.5593428640082
Gene897,16.14578340642401,47.173983751843906,55.347177620984986,57.02869387313905,71.01071929123518
Gene898,74.22713922522868,2.5199094821069634,35.483185554316265,78.02126485356335,106.38929210554024
Gene899,26.116243251086026,69.49531193430477,56.73909441560734,79.62436094563871,123.50251861898234
Gene900,61.01079220362347,48.8177675310814,13.31821256675234,26.133301788538375,91.90994729170853
Gene901,59.92992870063887,51.37078552153048,28.818452595952948,0.6464357789710551,49.623922190081394
Gene902,28.56259885622431,73.46083007105351,2.394626527048349,58.482781130579085,94.14742375060654
Gene903,17.440926711149952,47.16494907505954,9.142199181713817,62.56819122613526,55.05316805962256
Gene904,40.736552421283236,52.13770214737412,89.65746584690102,19.629430231106703,2.2564511705347234
Gene905,86.16648846991009,57.71170823879065,89.06584554618424,59.69452234131726,81.01610899597024
Gene906,42.967336335514794,74.98599312882688,91.3041466889856,57.21229637222063,18.078515056237954
Gene907,26.879761503019818,19.86445768974058,24.685702759573292,30.64154493510364,55.51337867531885
Gene908,58.79916294638328,42.649974724186116,61.54207798208354,8.157492561136593,8.778823705815997
Gene909,17.182946035765845,51.80774980403447,21.399467869831355,28.328440349257733,40.03128361729941
Gene910,81.18661240103798,1.3862135912860118,64.93788202366224,66.88765310406853,79.86557803566366
Gene911,93.27529390603132,2.0137848949289827,15.378370551321618,88.6171294055993,45.851856218701535
Gene912,56.459063893346354,66.30272037231474,67.90666044956374,93.17404033165082,99.69494174116697
Gene913,72.01574609309402,28.72212092051508,87.97524022943436,4.922091454076161,23.10808528744962
Gene914,89.73857174637149,25.619151443935493,22.065105962174847,13.812529314024724,85.91117576469165
Gene915,50.00582591910867,67.48932030541548,23.906638407502967,75.80404210112165,76.00055449620984
Gene916,31.259802490830012,41.06826330102828,20.969027743020085,97.65610233229043,64.56025770584117
Gene917,93.45438807155155,30.338554362913317,78.18909129968897,76.5858643884742,69.16556518665415
Gene918,96.56389752668004,39.355533610631554,13.07173235897573,67.17088592440608,72.93098004772062
Gene919,57.506057345881466,20.681789313339628,50.445594166935535,31.21897365691294,42.746652816668906
Gene920,64.52185758446639,74.52147426908346,23.22246909013431,40.532536064695336,26.91615709916292
Gene921,19.86316138618691,78.33872199958384,90.92526944369924,37.02321856845767,75.12789243737669
Gene922,89.69952893644111,84.61242105302316,18.28133885392259,95.62918815133614,37.66764404294625
Gene923,33.92406611738363,6.2431327277780335,48.6173654104883,10.90136156409287,24.853982092742598
Gene924,31.694262176728138,80.8826323491684,87.54886503958966,30.246631746146967,85.86981212445738
Gene925,85.72309373697911,76.46509503848735,14.669511401518154,69.0322846900729,94.50240645805688
Gene926,68.2540478767157,33.16168491078339,50.05793174308313,64.57250433510536,51.05704087285036
Gene927,11.995294173096982,31.206404465202063,80.23960305536325,86.14180460955174,13.730003271557024
Gene928,95.23867523987246,32.88226178486093,66.231373873072,75.18251459566811,81.19462346378835
Gene929,94.57497022259301,31.29195480288226,85.85064545515544,13.168690343620703,70.50409063535928
Gene930,74.19777295139859,67.77232412013204,25.2314736135153,87.30431470152034,16.8858463370395
Gene931,5.363479152083084,71.74649906119122,47.54757152327337,84.90980199586761,38.3397141058259
Gene932,16.827858850771282,83.64421924698698,54.89096316400717,18.91957923903549,72.03839985864458
Gene933,51.111363848950056,60.431298224031984,46.089833820658185,82.87089838180064,82.95627156830498
Gene934,70.93888218243862,10.540137739646227,83.88538619040689,67.10129805329098,69.70241660042996
Gene935,36.298284040387166,87.92795561570067,72.53716002348575,11.259046652919446,40.77780344061627
Gene936,88.63803619601417,4.719670169737899,96.14166196420496,67.91625683195628,63.13759776433766
Gene937,27.05592564879914,24.879178873917706,94.20582194885955,29.827245423412275,77.55052967189994
Gene938,39.31217982070792,13.925407078470398,1.071529769535895,54.42573370152508,97.57788185489326
Gene939,36.91361938092045,35.719233399304485,34.40916178494421,52.054383730485846,44.06648834242935
Gene940,87.99146267270145,50.55207917234903,50.77578381885688,13.83715947205566,98.27395409103859
Gene941,24.99728908688297,7.336406745960266,66.31462489752089,59.53663701568727,41.514565399274574
Gene942,42.2192233880678,78.50639210464311,19.571264009964906,82.02533189448897,64.87471138950181
Gene943,41.89697737795244,45.80286165838686,25.66472071860958,75.21143326969748,51.287474230526776
Gene944,32.08545427498436,59.60501157609502,99.5734452051323,43.52622796565539,92.06914007786196
Gene945,34.50168399245661,5.4732706924985886,20.424210636842886,41.86951433276842,21.963492859456903
Gene946,0.02270382182555375,91.50015377475272,84.3879411230929,74.22922314869471,16.781459564602862
Gene947,12.036357620998606,6.760474947238315,72.40291887729212,92.88079606878853,43.053582091303696
Gene948,11.914067199604816,51.23928207321066,34.88319074586301,37.48249243499977,62.13306241557073
Gene949,71.87181132622024,11.060359887316086,3.5590230806476386,99.43303026857149,23.272834891555185
Gene950,5.383052490845907,18.987532909591998,3.895784634846422,39.181089461717164,80.24017844513243
Gene951,34.124444975772064,44.418340687836654,67.55867735674389,50.889407006988016,86.14456860213242
Gene952,86.60356750457565,0.9910695491153643,77.80463064831991,46.073360024167386,98.88405413036631
Gene953,48.323207587543514,98.68959453882975,75.45693612057366,24.860488461330633,53.83949792869577
Gene954,99.21356394785828,85.75306077519237,9.73668937912211,70.6371996809996,34.5579585870813
Gene955,0.6982261880348117,40.34809690269996,23.47544217249713,81.88692705204716,33.733060884576545
Gene956,82.7523693953817,0.05979388347953085,30.781915002611914,24.116521430776196,23.3567361068611
Gene957,6.81866197654627,18.712427041050173,55.55495698856199,29.13610728377445,41.73947823291479
Gene958,37.68668803471885,87.59049249998945,90.52989990105155,49.295697165586006,33.01559503156044
Gene959,10.680070400236364,95.3402879382095,6.022694490029745,29.765027756828044,29.806620117000413
Gene960,32.04012861402149,16.428684327240926,78.31614309236971,12.249786196598922,63.49066591531628
Gene961,12.384602670581746,7.053563759295656,90.94295036858765,19.01287663187057,82.12501545597043
Gene962,54.46308711071358,7.78565196087696,95.54481914380675,24.696116699189254,85.96453453526065
Gene963,16.88100057845642,85.39428821418528,1.3228812905293985,51.178045656948065,76.94425794215569
Gene964,93.47955174927833,90.92021362064871,81.96248695476449,88.8191349661304,19.92196858370765
Gene965,28.418429571172876,28.89685249210585,37.70539310016988,39.33206703851887,54.45553246546755
Gene966,15.987976336644138,69.12466637859893,16.75665393045065,31.030848210454753,50.33451306061541
Gene967,79.64405615234773,73.94692332387272,64.55343564105223,15.577326058017016,54.70453456155777
Gene968,8.744650179988545,37.73631767966508,41.35165302899592,3.9811439445753827,27.398809946997183
Gene969,95.56494672664894,95.36326078296895,35.23270542525393,4.310010894832406,17.909493932818155
Gene970,39.221779343354015,94.77796979692297,14.119906353718491,76.35158436682123,10.868253937469207
Gene971,98.12575773912768,38.161649910913496,77.5234538899056,34.259108281113186,62.76688771588087
Gene972,19.201608474003674,14.602101929696254,93.80641395681313,91.76472779044335,88.74689402128824
Gene973,62.543345016659345,80.82682112162783,6.903693691137491,33.47890418906792,31.37031247571562
Gene974,63.56453219526132,35.59577734706405,14.85067816436808,59.646707541354374,81.43839206690815
Gene975,38.21234944599732,13.22687150984817,19.668819731282305,23.7483305169384,29.989759299453624
Gene976,64.27950705063091,60.0945484537719,69.60798615670392,36.25019845315131,82.39976518799783
Gene977,20.40876611557603,46.90407475181539,80.09387215414303,18.015864773261924,10.986311374078294
Gene978,88.36839676879897,34.29296627591959,68.3870124909032,2.534860426393848,69.00468884094497
Gene979,31.61013115469705,5.574085358744174,60.9812761548117,24.080381607317324,38.680724205188
Gene980,8.058081228651359,14.716325109494532,29.797723549584376,8.975950056015714,91.08262646863152
Gene981,0.6047043183978418,48.38602188643114,12.324745813255145,30.767908947794854,92.60595598182655
Gene982,16.169455327398687,96.58323197183326,20.579437698942172,74.15661084668295,54.66772648973117
Gene983,88.44787275967592,55.399325550313094,53.45592191563087,19.54580003683999,16.62293620516587
Gene984,91.64891511155142,32.78381988500341,37.20822549628959,75.98236584283885,33.882348242280734
Gene985,95.20624466390028,73.79277689988002,59.742924257342,88.08951605447525,4.960590834948276
Gene986,25.706269218920873,46.50363342209099,22.6978539471521,74.39051873021519,91.92080310537251
Gene987,42.37701199309234,34.2132600111895,96.15507321375662,44.485243282754084,48.90484004492832
Gene988,35.164987234190534,90.95484730121383,56.89554832818507,76.21745871816447,81.18067183508863
Gene989,34.18490419172582,43.369433132038004,84.84717744062647,36.32553516758102,79.39351334518513
Gene990,94.09923225744372,62.3210373068007,74.16272874518889,80.50973120411349,84.50396488966425
Gene991,39.505333785679596,5.126345917599817,40.187627123673956,67.37562297840898,45.03503857807928
Gene992,74.89631508603985,35.69824294686639,63.474414110402954,18.641980485397458,74.93694366449569
Gene993,54.56959688130259,20.40643885466006,29.191117349780725,74.86087085818323,48.26012356615207
Gene994,21.60314403930722,96.72711903702977,71.51250198168879,95.71348325397962,42.71050453603432
Gene995,47.51003406917205,89.79552161850192,52.504934024538464,70.72789119056672,25.217287749552998
Gene996,44.67264687026405,12.34498658103551,20.59800358769617,0.0943415267631087,3.926505164866023
Gene997,97.72838231769293,24.23536951367623,66.33107095040019,83.90996987996115,55.066045923656425
Gene998,15.31445000839562,72.81164373361663,60.025141009958304,73.12505893473751,76.97466228570872
Gene999,97.54103676847451,57.356328002671,34.164111269060186,64.8464556900237,6.844070924262613
