Company,Years_of_Development,Effectiveness,Cost_per_Unit,Development_Cost,Drug_Price
PharmaCo D,12,0.7350912963483325,373.29315341843085,1046935649.1116918,16108.768320122083
PharmaCo E,12,0.8721395327974778,479.31490741326826,706903952.2705532,6706.903952270553
PharmaCo C,4,0.9359163894865605,374.6270529978297,1358172095.498711,6185.2401583297415
PharmaCo E,4,0.7168276669781944,438.29622631058555,1519418743.0236175,8354.660012055028
PharmaCo E,5,0.5218308288536806,50.94672942914754,39110235.16657467,2539.1102351665745
PharmaCo B,8,0.5808362720734013,372.90745612921745,422412176.54006785,4422.412176540068
PharmaCo C,5,0.510430569645769,423.31440058936266,1429339377.4858403,8121.523253345119
PharmaCo C,8,0.826631509618665,68.25143189510663,779374143.5413301,4779.37414354133
PharmaCo C,15,0.6661573126775544,442.2189772797038,1328343054.4138002,18631.13650298475
PharmaCo E,10,0.7712393178596837,165.5124027395206,700455692.8717712,5700.455692871771
PharmaCo D,1,0.7466384233918998,349.38144589012484,787602753.1359779,2081.356969219491
PharmaCo C,12,0.5407632447762134,410.159695560533,325770958.642473,6325.770958642473
PharmaCo E,15,0.7016306805619159,348.19903087670997,523879729.13565844,8023.879729135659
PharmaCo B,10,0.6102805624611616,91.52815643296576,1214769397.4400985,12176.793077729431
PharmaCo D,9,0.7091998943338264,318.34468348716575,871994591.5171812,12098.423193348688
PharmaCo B,6,0.6017891401711213,297.31264552496464,1550862339.0597444,10947.276102676178
PharmaCo D,3,0.9202262031384667,455.1445706334222,1706644060.327302,7488.708452887521
PharmaCo E,13,0.5870966682891268,231.90787833989413,1087876372.251352,12875.775388606591
PharmaCo A,14,0.9803902757434885,194.48649368917256,1518951911.1915576,16536.56820683569
PharmaCo D,8,0.7079536830734704,387.4328439964098,620739981.2571943,7852.539114375031
PharmaCo B,9,0.9231226460095246,235.70389673752848,835792718.6461556,5335.792718646156
PharmaCo E,6,0.8143824091029725,340.74327875227834,1428427575.6714935,8872.56270208062
PharmaCo D,11,0.8676751493328763,340.9025405560731,778561865.705891,9845.469523898366
PharmaCo A,7,0.8838619440333901,449.617578962053,1181124820.9663877,8042.988501006355
PharmaCo A,1,0.7524224409465089,319.4115810435938,378891830.37419784,2140.4339698445606
PharmaCo C,14,0.7716502616816442,275.96912448289413,1203544916.791291,16129.123318459084
PharmaCo C,5,0.7569979339043624,112.49209687843265,1724412277.3815181,8218.114724593503
PharmaCo B,5,0.7940291890450396,102.08192300541742,1738592883.248617,6419.633563330877
PharmaCo D,10,0.5146972228782536,119.44470437738572,1451445368.595784,11273.25400524501
PharmaCo D,14,0.6977575849245077,127.33181659719253,1494049224.3614907,20099.404430466908
PharmaCo C,4,0.8030943567805857,337.04469169863523,1120275615.8498943,5194.099494146059
PharmaCo D,6,0.7988617826279322,383.44156262356034,1173489499.4299912,7992.753825244656
PharmaCo D,7,0.8964780473028158,288.4961853168884,275964657.0069308,5718.059979567086
PharmaCo A,9,0.8275046694160543,423.057979645471,893279784.9583893,10669.716761159727
PharmaCo C,1,0.9960666581703361,496.06845203013495,907044804.933864,1407.044804933864
PharmaCo E,15,0.6419272643043226,419.0056831037102,1917410692.978803,21844.715808577646
PharmaCo C,6,0.6795755148331157,362.69706815418164,867862856.620346,3867.862856620346
PharmaCo E,7,0.6919235759338982,289.62171474671595,1103191863.3564878,10530.916226650834
PharmaCo A,3,0.7329064035101243,251.9838822536187,1071170284.565414,4585.332700494511
PharmaCo B,8,0.9179990318906047,87.97657124504406,1277155816.918211,12333.964981657004
PharmaCo D,15,0.6178960469796049,229.71593677761092,1498983334.350473,18384.906147423953
PharmaCo A,5,0.8880001035177147,459.5605865519604,457833333.5800355,5542.412085139387
PharmaCo D,15,0.7026550915428718,413.61018345794884,1062161594.005887,18197.418555569664
PharmaCo B,9,0.8009276918310042,147.22311425525925,1653576237.5589006,9306.305924122087
PharmaCo B,5,0.816270266613153,259.97350311374714,931598280.5366478,3431.598280536648
PharmaCo A,9,0.6864243185944672,417.52544115134503,564130517.2834103,11355.26713535542
PharmaCo B,10,0.7563076026029025,80.32304965348513,1312871059.9590352,11010.667343555797
PharmaCo E,4,0.7065155873238484,224.32666355089668,1649297117.6402547,7656.258624650781
PharmaCo B,9,0.5345663930933098,433.32855659327646,135649182.92550874,4635.649182925508
PharmaCo D,5,0.7185826944084133,231.75403887655568,1555813061.980382,9550.65203608093
PharmaCo D,10,0.5486966962767761,84.9265901291484,1645079386.5939248,16296.494397245728
PharmaCo D,9,0.7025103995401607,294.1404658395131,928430625.9013275,12939.015770302922
PharmaCo D,3,0.796459199915891,437.78412271323293,1966778257.0687501,6138.346899134947
PharmaCo E,15,0.7897074496717504,315.6284943289219,1575549598.0075452,15375.45914513048
PharmaCo C,4,0.8313106395041602,151.8255986964043,1549588504.1423748,7008.431400573733
PharmaCo A,9,0.5476307539773131,222.9078290618216,1498198763.0800228,9041.289839093854
PharmaCo D,10,0.8260616227652189,252.55551253186948,309710125.40436524,8101.605582722724
PharmaCo B,11,0.6560740283482236,310.6698592192371,442289464.0414915,5942.289464041492
PharmaCo D,6,0.6995229730685555,391.70796158867586,933340361.6142058,7947.1151900026925
PharmaCo B,2,0.9289931269613529,94.49312793828594,535368656.4193371,1535.3686564193372
PharmaCo B,7,0.5045152020647752,450.34341485790486,836329534.9447405,4336.329534944741
PharmaCo D,2,0.7942063166703027,55.539366357234016,1778043578.746612,4884.089331173428
PharmaCo E,11,0.7993569900500538,216.52355060341486,1650410514.8397458,11537.477975011157
PharmaCo B,2,0.698329888171781,62.339139487695945,1263779358.1751647,5472.78396275481
PharmaCo B,11,0.6185139285541681,226.83840140538106,1717659584.559696,16440.466160383385
PharmaCo D,1,0.6173370191307755,286.6156694929957,1569707054.144326,4806.5616410975035
PharmaCo B,11,0.9418548348303764,280.25662396168025,863680014.3633721,6363.680014363372
PharmaCo B,11,0.7210121868914288,124.53275616271941,410119652.5793908,5910.119652579391
PharmaCo D,12,0.665444681494586,340.58322954302554,1033260069.618585,13723.249161542028
PharmaCo D,11,0.7243887869157015,70.1503027271007,1475095476.2318146,12767.155287698326
PharmaCo A,3,0.8346952007296806,392.8580690595869,878475001.4718901,4969.14473293611
PharmaCo E,6,0.5728782841223758,475.9899952970958,1336876100.4699554,8475.463272702522
PharmaCo E,8,0.7247169176068688,202.89597221800304,197711578.31917682,4197.711578319177
PharmaCo B,9,0.7939421855551935,282.7577217714494,1498529425.3790927,14617.983498117448
PharmaCo E,7,0.9742916774257169,220.50962512646646,1627300103.5871935,12736.375040477236
PharmaCo B,4,0.6262638910377096,53.01967563682698,1416607333.0032768,7846.185404710997
PharmaCo A,6,0.6796253739581228,223.64352630280217,1934854539.1774673,11136.772905480528
PharmaCo D,5,0.6896792949612118,406.27411666760594,1655037594.3466744,9060.301138851644
PharmaCo D,8,0.8027690788224414,318.1949789825668,1807156518.474311,9675.157438994689
PharmaCo D,1,0.6783660265200009,95.56696157682151,1867806456.0807197,3691.660828382405
PharmaCo E,1,0.7667559626498478,431.2127703622033,1604682503.828879,4610.783346096397
PharmaCo A,13,0.8908951649225147,288.98840519835926,1351775095.5929332,17499.928153314842
PharmaCo E,15,0.8526927970561018,428.77551278510424,21379976.90797068,7521.379976907971
PharmaCo E,11,0.7231843232562928,311.0996834532632,936993248.9140182,6436.993248914018
PharmaCo A,6,0.9321080888370845,301.85980017707294,1146612974.2584984,6597.844419391263
PharmaCo A,10,0.7790701247969314,97.36663333865557,615020242.1715193,10027.867647630223
PharmaCo A,12,0.7699529197511062,125.31187991238258,643027849.3379093,14431.246026039762
PharmaCo A,2,0.517093882969579,487.411365423466,1922707237.2632287,4880.548716973487
PharmaCo D,5,0.9933464901785808,152.81903603964685,1784504621.7534642,6664.186562779568
PharmaCo C,1,0.5614854042648134,489.85345309566554,1699866220.9483914,4028.277307120453
PharmaCo C,7,0.6155654562138233,289.3607179359185,817963485.3951601,4317.96348539516
PharmaCo A,1,0.5258484186207635,111.10507117877171,37260115.31373994,1028.1432277450665
PharmaCo C,4,0.8200014834184568,94.68599123916184,169642270.446871,2169.642270446871
PharmaCo C,9,0.61235058848634,143.988831817583,631270772.7530313,5131.270772753031
PharmaCo A,1,0.5900052187363618,466.5367985114011,41328396.86139719,824.020090547697
PharmaCo C,4,0.5442777921116206,236.36760094770204,44128066.011244245,2044.1280660112443
PharmaCo E,6,0.5516544785620079,227.94542059681146,1834040570.2683978,7451.3259175042
PharmaCo B,6,0.7923353502212944,190.94281748157832,1415255419.2169175,10895.97941096082
PharmaCo B,12,0.8441039329332978,116.17783275496477,624822420.2356238,6624.822420235624
PharmaCo A,15,0.6986894942322005,269.5330387365829,273962709.42589676,19148.5064237896
PharmaCo D,13,0.7399485407960367,108.52150213001241,1028155078.6112034,12156.115510132986
PharmaCo A,8,0.842983867991492,425.9661063720474,20638860.100185268,8002.71383971174
PharmaCo D,1,0.5086898950927399,216.6786438238879,1877443350.2777066,3969.151401468382
PharmaCo B,7,0.6615653285351393,218.66160550180837,835482087.584005,4335.482087584005
PharmaCo A,1,0.9865488740351732,263.3028928174201,810646560.9222922,2775.3322523092434
PharmaCo E,13,0.7900561148477341,249.85747092458823,787281279.0877465,7287.281279087747
PharmaCo C,14,0.6271122899487467,497.68608787669467,147963377.47165188,7147.963377471652
PharmaCo D,7,0.7608650233181066,295.42150454823616,1280261257.1857347,7707.523465523084
PharmaCo C,3,0.6713267440604577,89.6907667054418,1468677203.0604231,5438.57647405737
PharmaCo C,11,0.7661224944131495,323.0948037096185,1355489541.2006977,15641.708138597029
PharmaCo A,8,0.5628707559033244,118.21293179144598,285486631.7254947,8301.20840181822
PharmaCo C,3,0.5663573269096387,63.92194012910389,1161891934.3908293,5663.828358352289
PharmaCo E,14,0.5717711810196964,486.8339691547617,1143274123.5027852,17487.338680183784
PharmaCo C,14,0.9699098959634209,398.0925011905538,1738137468.0033503,20480.053765687207
PharmaCo A,13,0.8664494591706708,491.0490465861951,764464040.1675376,13257.086016049103
PharmaCo E,1,0.5811909473311605,265.0453016100091,749257027.882274,1249.257027882274
PharmaCo B,13,0.5941745418828007,289.5158890170393,1240868846.8491893,19055.045113675187
PharmaCo C,13,0.8654147374354382,125.7516301636086,1269814580.464031,17328.577177276482
PharmaCo A,14,0.5780819223960869,161.10834200041353,943877602.3783228,15807.287511631968
PharmaCo B,8,0.6172806466674143,427.34714670627267,891688131.0375379,4891.6881310375375
PharmaCo B,3,0.9816734164101995,210.28354120291738,993353864.5693865,2493.3538645693866
PharmaCo D,2,0.6276532623642159,422.06673820838853,1723480146.0115907,5752.741110768691
PharmaCo E,1,0.8308161751855734,369.0561759291643,927722133.495281,1427.722133495281
PharmaCo C,14,0.9893156437002653,129.72691637233947,1880464266.0199468,15050.375485209046
PharmaCo A,3,0.6871483835698964,278.35086475388397,1012967489.5566888,5806.131515516468
PharmaCo D,15,0.5087579954310311,354.8242946834226,1898909379.4299738,16660.982795477925
PharmaCo E,2,0.6220736452111871,155.7667466617213,1667335484.7194607,5952.324827861184
PharmaCo D,2,0.9154385956708527,423.80982973403457,731238332.0055,3241.0862787488163
PharmaCo E,6,0.9323044179775184,295.172445895334,1728646428.380266,9560.776106942092
PharmaCo E,12,0.8842596822618956,124.35892269917144,229025935.5602193,6229.025935560219
PharmaCo C,1,0.5565549095382865,312.3429917740711,1850843878.9325988,3952.2988192987336
PharmaCo E,2,0.8977551858482016,499.87121187016135,1266970595.0149543,5570.393262458139
PharmaCo D,14,0.9593388984967521,117.7346712485361,118237589.55939925,17013.570536282157
PharmaCo E,6,0.800304771273118,417.5406185537876,1292070880.065115,9237.717329378731
PharmaCo C,3,0.9704376781690325,143.28905143440107,1948752831.7480648,6758.3298544538575
PharmaCo C,15,0.9134194418559387,402.0747482570393,148903302.68311155,7648.903302683111
PharmaCo D,4,0.8334857584954536,380.56006540463596,1113828542.4623718,6596.989188535164
PharmaCo B,1,0.788592618355874,185.22022352019457,1498110756.021151,4133.196511315388
PharmaCo B,8,0.6742868336209853,196.62040290400242,1622414587.5320673,8766.339913391112
PharmaCo E,13,0.5796437226214026,406.6346263833136,833516655.9883838,7333.516655988384
PharmaCo A,7,0.8024769613452705,257.65048034929066,416291452.74480355,8885.752177515427
PharmaCo E,7,0.6590557768090597,378.86811292031393,94261134.75704382,3594.2611347570437
PharmaCo D,3,0.9332193337638227,116.59286631462564,1163655052.6234772,4024.9920215288043
PharmaCo D,10,0.9966684686793142,433.65100185569906,911293029.8325455,13183.20878987298
PharmaCo D,10,0.8762138813077862,369.8981225070436,1898001346.347925,14291.205490675638
PharmaCo D,3,0.5452408476435253,458.12426397567526,130603766.35267048,3153.672762640186
PharmaCo D,14,0.6443427977653191,109.56757056573761,1373936733.4575515,13629.169671123122
PharmaCo C,2,0.5545548158828748,316.85652516226895,59682782.01891377,1059.6827820189137
PharmaCo B,12,0.8252558238958578,319.6042632681463,351154011.65398,6351.15401165398
PharmaCo D,1,0.8825954322778924,209.0573332460521,912622209.84644,2546.7175417463627
PharmaCo A,7,0.9628374154403558,256.309891056166,915196161.1777077,9849.771148941783
PharmaCo A,7,0.7190861732059939,67.09170348043406,1374544080.4379513,10727.533562444934
PharmaCo A,12,0.9506878247942221,385.6370173821554,1821323939.3868356,16338.902847449066
PharmaCo A,2,0.9389455795206638,297.1951157314283,1281673996.2406924,5564.238090038651
PharmaCo C,7,0.6585978583826992,75.9834733411282,1907534844.7245026,10003.152040124356
PharmaCo A,13,0.9344503127702855,356.3401518322185,1764415123.3572152,14411.503106151626
PharmaCo D,8,0.6878361259408632,260.05193475403456,1173154593.1062725,11152.821126448014
PharmaCo E,1,0.6484346372801404,65.50756674125,1669245982.3284664,3685.1455764115676
PharmaCo A,9,0.8245373293971965,486.3234770816429,1288729444.5440316,10506.604765089485
PharmaCo C,7,0.6641906139425405,477.1004643902482,166330083.538217,3666.330083538217
PharmaCo C,3,0.815104374164572,280.80608726623893,1483723799.2864249,4681.920844736895
PharmaCo A,8,0.8049159027493473,92.15258931765959,198867798.12201896,9772.859516423548
PharmaCo E,7,0.7817194636742294,389.5795497193663,1192224733.3337278,8232.698531133805
PharmaCo A,11,0.6902098521163988,271.3689950475781,1408254009.6578753,13630.17516113469
PharmaCo C,15,0.7742498608257384,186.10136523022095,142389940.33960193,7642.389940339602
PharmaCo B,13,0.7982427374927108,271.1381798878506,469281361.3137982,6969.281361313798
PharmaCo D,8,0.7728434442477368,285.099865432459,1832187742.200683,10676.175439001345
PharmaCo C,6,0.7222097263756008,303.22026456005267,1236465839.5434637,9509.750466217021
PharmaCo A,9,0.507333528523132,248.55067114489694,500109177.4329578,9562.224093596253
PharmaCo D,15,0.7935308538505754,322.5898864125755,1384452744.5845332,15065.860551475062
PharmaCo A,5,0.5842221925713598,463.4306197728698,1197585075.7237623,7443.886139065013
PharmaCo A,3,0.8212879844735947,213.02063919436603,1008135642.8367172,4089.5266018344482
PharmaCo B,3,0.879672163961433,376.5724084489771,1952612080.2262866,6699.928945529671
PharmaCo D,1,0.7502226545653707,452.5036505709045,1370073017.0409427,3398.4939370447596
PharmaCo D,12,0.7711818324898692,255.1906740919716,757127808.2391462,16297.919178744269
PharmaCo B,15,0.9757392798329956,249.55512637185686,1602146129.8329673,14207.801323355372
PharmaCo C,8,0.9235836806862872,320.95264340965076,1770320752.9131637,12660.184216867237
PharmaCo A,2,0.9571182579757349,316.13304174011967,259188913.43849453,2118.9016122870794
PharmaCo E,3,0.9068831441597932,412.9652040468246,409100425.9120803,1909.1004259120803
PharmaCo A,8,0.5544591709233657,264.4175227002317,440291748.1642816,8505.441287707126
PharmaCo A,14,0.5744959279850974,498.2553273377485,1385511500.6792154,20192.438225762933
PharmaCo C,8,0.7633118986344798,76.76220599027636,1210048714.5560338,9078.917655171215
PharmaCo A,14,0.6230348293989991,51.42553186131578,1241793213.7501905,13115.238089793604
PharmaCo B,11,0.7383477375205796,338.0892402018307,1882138866.382107,13425.819211503527
PharmaCo B,4,0.6971826619091751,184.2957105628445,1554063950.2865388,5703.121018771403
PharmaCo D,4,0.7747071192152266,158.17207491476773,264594479.77844852,3688.1106118928474
PharmaCo E,5,0.8734378580679114,190.3545860019262,701539094.0261103,3201.5390940261104
PharmaCo A,6,0.8577454535496372,165.22140429722944,876433355.8897139,6050.7323187396105
PharmaCo A,5,0.7606170662426672,63.85552234720153,797963561.6077337,5048.954262175992
PharmaCo C,14,0.911196709408529,487.18986907576493,1341924132.2321396,18472.474431811897
PharmaCo B,15,0.7154310457690167,149.33546980375178,1784867275.4805596,17285.146189383067
PharmaCo E,7,0.9483571449200612,380.31339316518785,619042412.4103482,4119.042412410348
PharmaCo D,2,0.5356401350275819,393.1683776123789,1108235501.4781594,3697.028699371922
PharmaCo B,7,0.9773300150166537,468.1658291032532,1580924749.6080356,10883.78035100824
PharmaCo D,10,0.8273465407156742,63.747255692020985,838273937.1022452,10366.068864310422
PharmaCo C,7,0.6900372544686026,442.42175230115345,344555075.5145987,3844.5550755145987
PharmaCo C,1,0.5985770632864387,287.2517813779101,955152420.874859,1455.152420874859
PharmaCo A,7,0.7395916147218,334.64484948462257,119892816.27862665,7558.675158485063
PharmaCo E,5,0.5972791615926505,340.01162470446513,1885343073.464531,7964.123691715567
PharmaCo D,3,0.583165803871571,418.9090122431274,158894198.33799633,3528.415596087739
PharmaCo B,13,0.8086758787064872,200.03329497159973,882528863.3486506,7382.528863348651
PharmaCo C,3,0.7615423622908923,379.87303543699704,1064463709.5661671,5415.240609960975
PharmaCo A,4,0.8350480173054708,287.8601493749887,1970754626.251698,7130.4729417543895
PharmaCo A,13,0.9648029387109947,407.0273064374065,340383429.0492929,12009.960121728662
PharmaCo D,12,0.7661301066695201,495.74571474656005,237718722.03859353,11398.937927337343
PharmaCo C,2,0.7904660266313989,140.29295783169255,27325232.654461723,1027.3252326544616
PharmaCo E,2,0.5448131695774711,497.59188870199904,319587159.3699116,1319.5871593699117
PharmaCo C,1,0.8588178929543148,90.4154694272483,422473228.34465855,922.4732283446585
PharmaCo D,15,0.6999526034020781,51.04289655716624,1264856073.7503536,16519.409770596434
PharmaCo D,5,0.9883626193312894,69.87287128002407,447216512.8788868,5705.796965031573
PharmaCo C,4,0.9115870077978301,203.80208213154276,50836421.31135717,2050.8364213113573
PharmaCo D,11,0.7612405202580592,334.80784880529535,1654970507.5499525,14951.409128808
PharmaCo C,10,0.561611327086083,81.06329339953234,737535444.9978938,5737.535444997894
PharmaCo B,15,0.9297078966402945,52.54961653830527,713856406.2956605,8213.856406295661
PharmaCo C,2,0.8998905477120108,471.69096280645766,611933268.0441738,1611.933268044174
PharmaCo C,3,0.5922925647685164,419.8669861729683,1950992821.5213776,7671.804257735193
PharmaCo D,7,0.647639144610155,414.132427012564,348529680.44547015,8746.441751698583
PharmaCo D,7,0.8967036290739187,447.9909239758897,1797493747.266938,11733.41643267319
PharmaCo A,12,0.5926142232737048,365.01542274744696,1555838630.9583771,15708.419614732742
PharmaCo A,4,0.9588762445856887,96.98185838663665,162195111.44363302,3274.8801692973702
PharmaCo B,5,0.712263712598181,229.59508463317536,1973590911.9866889,8322.558895518641
PharmaCo A,5,0.5435194812938293,375.4172689090833,550018267.442631,6419.798709589396
PharmaCo C,6,0.9078743217521404,176.1505073561844,206180024.77460054,3206.1800247746005
PharmaCo D,14,0.6867548415191937,359.3328638613069,1660335325.9102614,20468.52842599211
PharmaCo A,9,0.7632495970768904,61.02430172044356,1416284312.0186226,10701.388525194518
PharmaCo A,2,0.5561521722056095,187.76180339581694,1238265423.6970227,4014.4069121578354
PharmaCo B,5,0.5012920074224911,297.1086513247277,320401918.760877,2820.401918760877
PharmaCo B,12,0.8189926028966488,334.44042327780903,962207271.3493642,6962.207271349364
PharmaCo C,3,0.7575875851668659,309.66829900785984,1563306493.5055554,6302.461986954215
PharmaCo D,4,0.7967692845615736,363.9903242330433,614211636.9062421,5769.605065117462
PharmaCo B,10,0.8968719251902582,52.73993670792758,630262758.7449325,5630.262758744932
PharmaCo A,6,0.8233029567114301,95.42353998988467,16250403.03576301,6960.65480461195
PharmaCo D,12,0.5873867214136885,441.02491352561526,356744369.2743053,15166.645356451016
PharmaCo D,8,0.6803862595552999,356.78688984057254,1752057193.9924502,13322.219117366218
PharmaCo A,1,0.9529455523938801,100.81923920870508,889075518.359037,2109.929873551308
PharmaCo B,10,0.8849723501258395,428.93349682936065,1968626653.4765236,15581.277446109072
PharmaCo A,14,0.7783185289683586,159.0040480210551,797458847.5118473,13321.175370395726
PharmaCo D,8,0.6278224989046362,265.21694788785055,1433221045.01268,8872.059006632377
PharmaCo E,11,0.6510302509173975,115.33843079809714,571018895.380411,6071.018895380411
PharmaCo E,14,0.8659790337928173,369.549525389768,733981185.8704576,7733.981185870458
PharmaCo C,7,0.9255871304263854,350.08448945642056,389544715.30588037,3889.5447153058803
PharmaCo A,1,0.8357123347653073,145.00061202476127,700654113.313796,1966.226876690372
PharmaCo A,2,0.9047649878842209,438.5303450856508,1099002665.6370797,3150.4548469431556
PharmaCo C,3,0.883328067600203,230.58771089887048,1983628033.1487064,8371.937198143343
PharmaCo C,1,0.5748519839784789,181.6317909818338,1331761409.0128534,2792.736386287363
PharmaCo C,14,0.711972406456651,118.54831525904095,406499449.272545,7406.4994492725455
PharmaCo D,9,0.5764919004142813,169.77560563199185,99473268.76718675,8813.799435707508
PharmaCo A,8,0.6176177924009925,59.91211455071765,261449397.8158761,7911.684758975341
PharmaCo D,2,0.9346298123255263,312.465871605252,1129484850.5333643,5135.73371852505
PharmaCo C,13,0.736445982816591,429.0038358547766,1532669054.345365,12372.631349152103
PharmaCo A,9,0.7676790509213305,297.04120224873884,1881434222.5284863,12840.81579864549
PharmaCo D,7,0.5892229826138861,148.67328286574406,41488112.27367343,7722.142095586959
PharmaCo D,9,0.656135893024398,65.15113019624272,1050292681.7081208,13496.635467447057
PharmaCo C,6,0.615123084213935,146.5826329664613,947026038.8841218,3947.0260388841216
PharmaCo A,6,0.6030930822592132,237.25464263199154,1315549493.7316508,9941.969742452202
PharmaCo C,11,0.818980396657985,391.82514291490844,1123561920.3860304,10489.900190678183
PharmaCo A,14,0.6284419238228574,134.52928364199835,1377207909.6591363,15798.907388159512
PharmaCo E,4,0.8160077430102093,373.9061540096087,1319584343.6508887,6220.725568446159
PharmaCo B,10,0.529227307054277,440.1200607583477,242853332.46731293,5242.853332467313
PharmaCo B,10,0.5708871967635509,254.27608164876068,1601438648.101252,10901.425472337613
PharmaCo B,13,0.6372701270000627,419.64439623916695,255232825.67548645,6755.232825675486
PharmaCo C,13,0.7985234584478458,299.595806615793,1400075944.1661828,14445.74825242182
PharmaCo E,2,0.8379206225436879,336.69087668640725,838129281.6048074,1838.1292816048074
PharmaCo A,7,0.7213584833897635,286.8253071521912,1032562961.8074298,7625.846999856576
PharmaCo D,5,0.7228954572886145,258.4277225381038,1807563048.607664,10619.045946071064
PharmaCo A,11,0.8622584256993091,155.59404879913222,1780868615.6822383,14038.853933041426
PharmaCo D,6,0.5079105458827913,186.43732675747071,1637534048.2535088,9887.31167058954
PharmaCo A,2,0.6705450122371103,180.48655352462407,1025195277.1080832,4508.310008741886
PharmaCo E,5,0.9093535285596164,303.4800189292166,1475117222.166328,7421.390442114202
PharmaCo D,10,0.8016097051066862,103.97916186075047,1030665140.4824307,9933.874896106363
PharmaCo C,4,0.6686135663777102,462.5562608160508,1740516104.1248071,6383.493774171249
PharmaCo A,9,0.9527623961648369,374.29481537740094,811523908.1334708,9631.208242174853
PharmaCo A,6,0.8863113637246913,230.65053391093713,1940768335.3856049,10553.819213493425
PharmaCo D,2,0.6324477236183668,121.38086503687008,1865322288.8754663,5439.185567843626
PharmaCo C,1,0.8226449187628584,446.89647637473615,1485789212.7090533,2992.2163726415256
PharmaCo C,5,0.7978753640944783,420.70014054552433,566037609.5103832,3066.0376095103834
PharmaCo E,9,0.7005939570194913,374.7746987227307,271990641.6985842,4771.990641698584
PharmaCo C,6,0.6834780396024003,172.19617133505906,1710859865.685463,10891.873624050711
PharmaCo C,10,0.671780237387852,231.10098684515103,338951549.4145429,5338.951549414543
PharmaCo C,12,0.8085778916978235,96.23671360359052,1709978970.104698,17694.84905091345
PharmaCo B,7,0.7212049682403348,135.06778612738927,986622363.3575974,4486.622363357597
PharmaCo E,5,0.915931556625711,402.3574867925298,819047999.7781274,3319.0479997781276
PharmaCo A,10,0.8348013080669809,371.7674234828077,1807349649.880514,11185.573893793215
PharmaCo D,6,0.5349658028547171,317.0685933391706,1211663455.255153,9087.574244296078
PharmaCo A,5,0.820084111914083,453.0770266667778,1157461874.1881385,7832.705383610105
PharmaCo E,11,0.6355737182500925,312.4699330158704,1121944229.8025513,10102.238128243307
PharmaCo D,9,0.7964059958267113,260.13559998362484,748627336.8788675,12008.702589127759
PharmaCo E,15,0.8400659655517257,203.16683583759323,1573429776.0229633,21805.70291594092
PharmaCo C,6,0.615414594577006,473.20182758127766,513068903.5913883,3513.0689035913883
PharmaCo D,11,0.7284293224401843,87.22195768595907,1878400970.4821374,17061.745963468988
PharmaCo C,8,0.5951624314095338,468.89931742736377,1789030558.043452,9160.596526339266
PharmaCo A,2,0.5261694378932542,422.02159696895825,681585848.0930474,3531.2762319020753
PharmaCo A,12,0.6892382117429345,108.46846604106558,1461632901.965011,14816.16798206193
PharmaCo D,13,0.681472135922996,304.2429609538641,1150714156.954687,15652.77614033392
PharmaCo D,9,0.9977402453521285,439.9465917870891,681922110.9784769,12572.406381415487
PharmaCo E,5,0.7231761755988211,307.3141236232192,1977158079.510939,10616.753218278727
PharmaCo E,7,0.6667847747361002,458.23991970228,60222318.23804577,3560.222318238046
PharmaCo C,10,0.7902375033583373,474.3427175672191,512765600.9363604,5512.76560093636
PharmaCo D,13,0.5443836970538842,240.07303498293766,1044947381.6111892,18197.044647426217
PharmaCo A,1,0.9808328679774065,219.79114763284562,1048686476.9223422,2474.0385600982195
PharmaCo E,10,0.8174800227955166,471.34451928612054,1181976819.1416726,14548.226664575259
PharmaCo E,5,0.8774189099704239,353.81302751735063,1505835582.3256092,7323.308668021043
PharmaCo A,12,0.5852389690869588,102.21020660667618,1250720882.7333999,11265.969347180491
PharmaCo E,14,0.704738926502602,69.03128715020654,1204560106.4507935,17798.619769552046
PharmaCo C,10,0.7113445566980947,304.0830729487684,116493781.19695616,5116.493781196956
PharmaCo D,14,0.9109032219505434,468.5769344472911,759295272.7007036,13528.883194538881
PharmaCo A,2,0.5006183398797047,429.9119160826183,471790922.00530046,2658.1238239689037
PharmaCo D,12,0.6504265541766275,354.1314859089514,538086522.0879312,10223.506303202405
PharmaCo E,6,0.990618187172152,112.60213200098939,1113131573.9372864,6898.2446103091115
PharmaCo E,11,0.7374432717531093,164.404122686913,407015576.70992076,5907.01557670992
PharmaCo A,1,0.6912631401220042,443.98005194867727,594958711.0236261,2130.143101643082
PharmaCo C,3,0.5599145010088231,132.26325649560522,481798569.94950676,1981.7985699495068
PharmaCo B,5,0.9870823143140077,175.29773371269556,1897520857.0042076,9598.260354276432
PharmaCo A,4,0.5100131779629122,108.32029303794889,1889884807.0204794,6751.37295956796
PharmaCo B,3,0.8685901125036215,354.248704136485,1223783701.606143,6655.767427189197
PharmaCo B,10,0.8842999023942542,474.7920374134443,1849799712.776481,16242.598716276054
PharmaCo C,13,0.6218283580319333,171.0356142179237,1573767164.4820626,14447.529140575714
PharmaCo B,5,0.8357792218065186,263.9329735325332,1183996286.7755995,8411.357256863866
PharmaCo B,11,0.546464572189695,335.45288287004195,22806070.878623467,5522.806070878623
PharmaCo C,8,0.62852363321604,499.7598116970338,1547307409.298014,13793.729986614013
PharmaCo B,11,0.8939509941461325,97.16362924890745,1407951799.761053,14491.777512741352
PharmaCo B,4,0.9323430960167701,274.3568597775691,1234354770.0320039,5116.638419871912
PharmaCo B,1,0.8042432063298957,223.30405395612502,1523244380.2481186,4343.576358732745
PharmaCo A,11,0.7534192159102413,439.6190743500598,1030715107.9017837,13877.637346704703
PharmaCo A,7,0.5796520103094902,264.1854789552451,1411125709.9294648,10501.708497612
PharmaCo A,8,0.5315545165395751,99.93988606331664,1870992452.5857217,10609.73846074296
PharmaCo C,3,0.5588245142367794,335.4908653789626,757851981.5337117,2257.8519815337118
PharmaCo E,6,0.6136786500480493,396.8512782187459,1419162451.4522445,10868.807121307842
PharmaCo B,2,0.6708372509484604,51.296563249526564,956618757.8418078,1956.6187578418078
PharmaCo B,7,0.6904547627554936,436.53050843928327,1352055307.1098232,7705.802107384825
PharmaCo C,15,0.6731608842945018,133.71035000254955,1528157737.7531846,15298.5295715939
PharmaCo B,8,0.6195276660986329,298.43121409402005,100450475.86723396,4100.450475867234
PharmaCo A,6,0.754862123375849,237.10887530935256,1296734883.457837,9352.464931321783
PharmaCo E,6,0.9126430541164484,373.8442174747387,461214956.9698197,3461.21495696982
PharmaCo D,5,0.6398517692357396,217.02272665358382,1343364750.237058,7309.284697722384
PharmaCo B,8,0.9711935095511166,441.39342950676985,941977070.0082889,4941.977070008289
PharmaCo A,1,0.9366683308619239,378.7233624314556,1549369956.3111255,3705.002917129544
PharmaCo D,10,0.5808821056760548,341.47092697831465,255567622.2591369,10391.308720117233
PharmaCo E,4,0.8931379783785472,408.30826800328447,1256381479.7958283,7467.087977590741
PharmaCo D,15,0.7872936911588833,389.310365717772,564156750.5658292,20009.12117790521
PharmaCo A,4,0.7832876810857092,66.172403714699,1707434170.7078772,9018.292555185255
PharmaCo D,3,0.6955213815290873,227.63045923017265,1857483176.2162519,8171.663956271987
PharmaCo C,3,0.7505764995910049,468.8632837924204,1992832604.4213202,6644.149081978089
PharmaCo D,4,0.6985893887146055,106.5759210465018,1594054730.8302937,7075.938584046241
PharmaCo B,11,0.7698663093799714,381.69344769442307,1509930800.151729,15461.351498911792
PharmaCo B,1,0.8139750263863179,488.56631510089835,438846510.14642656,938.8465101464266
PharmaCo C,14,0.8371519032045243,73.48938307023724,678654047.3903164,7678.654047390316
PharmaCo A,11,0.7662405962797131,356.9872462819747,936708258.1069362,11613.378504518761
PharmaCo B,13,0.8607110336643659,260.66936358546366,1549028285.0866768,13194.344218377071
PharmaCo E,11,0.5706390246377528,310.62886491862497,1830782071.5051575,15482.674266292739
PharmaCo B,2,0.6059912454511193,88.40360141794619,386386809.0457394,1386.3868090457395
PharmaCo B,9,0.909367502037135,69.35312834012277,1845511294.4935048,11587.588003081813
PharmaCo A,10,0.6612639889232076,350.08999724791477,1394293058.1845756,10044.897014745347
PharmaCo D,2,0.5114469124880601,420.48924341932303,1225433754.063227,4116.598594079842
PharmaCo B,5,0.5768955748340155,401.9069007198353,407684129.8510596,2907.6841298510594
PharmaCo C,9,0.6118072172481557,294.71257753980683,120494815.2902096,4620.49481529021
PharmaCo D,9,0.9786614439472936,94.94006951128017,1141245148.0308003,12383.59064277556
PharmaCo E,8,0.7865207144654247,359.61999972620623,1306516209.824496,11300.907333318355
PharmaCo A,1,0.9663653702381274,158.84999759936568,429455084.2158296,2196.7527857145333
PharmaCo E,1,0.7875816752483125,459.98091624532265,1117347849.5926583,2639.9774020494206
PharmaCo D,9,0.7396772200689259,427.2194117955672,1714421871.4975214,15396.789238170912
PharmaCo D,13,0.656863845597048,369.2223351893259,1671781231.4554899,17018.78568180422
PharmaCo D,11,0.8031854722166878,476.9806801240087,1855436809.3667314,18355.302436995004
PharmaCo E,8,0.5695990123087649,64.13981968007282,738112761.018192,4738.112761018192
PharmaCo D,10,0.949130813646353,381.2901912773429,642918649.3763282,9714.381920030508
PharmaCo E,9,0.9146662025706418,198.6092507013824,1501357751.9018092,9339.084941348348
PharmaCo D,7,0.6587657239383685,457.72964855886437,867913686.14304,7668.480025716524
PharmaCo C,3,0.9763987638006472,170.00383849788992,184221841.4152834,1684.2218414152835
PharmaCo D,3,0.9126003837077841,376.1854246917577,572774250.0342945,3464.8419061036006
PharmaCo E,2,0.8331534429175198,444.9411588428516,842978748.2076634,1842.9787482076636
PharmaCo B,5,0.5608809555626374,68.7455682722071,592107686.6977415,3092.1076866977414
PharmaCo D,12,0.7391170115240362,228.94141081641627,671089086.18517,10228.567228665186
PharmaCo B,12,0.7530537774233754,393.0390644098724,594614053.2870376,6594.614053287038
PharmaCo C,3,0.61627567918269,254.7135002784142,92583342.6943281,1592.5833426943282
PharmaCo A,14,0.539982697179651,170.2636834071179,1277818454.6406407,12939.305609442454
PharmaCo C,6,0.8883618152358463,148.9124069704355,1198611916.503404,7963.738382722271
PharmaCo D,2,0.5610175260621975,109.18322011237007,1310233161.9725745,4560.414737535752
PharmaCo B,12,0.7971453752808874,435.70830193532703,392696693.1069187,6392.696693106918
PharmaCo B,3,0.9682245869418302,308.90993146320017,598352537.8088458,2098.3525378088457
PharmaCo E,5,0.9380525962990213,84.37322524615519,1243035694.6203954,7598.596231567347
PharmaCo B,12,0.6388763118746306,222.16114560678594,1203258861.2352436,14175.872705082798
PharmaCo E,11,0.9257243187756327,215.48014286229946,1017597315.614993,12453.233448685472
PharmaCo A,11,0.5001662530602446,131.78263581925836,707322367.5202929,14386.235435637382
PharmaCo D,1,0.5088439048066287,245.97843146248582,1826732699.501633,5572.656517683745
PharmaCo E,13,0.8012765819214325,199.4447144269114,686142782.1746992,7186.142782174699
PharmaCo A,1,0.6823991095722648,203.81166747148214,916682121.3101307,3079.2245770735544
PharmaCo B,10,0.6932304205795736,382.5619510045814,1359446523.5988753,10412.714463274271
PharmaCo B,9,0.7822205453394413,150.46852347733835,1090612647.4248607,9933.791724271472
PharmaCo A,7,0.5958912277959303,338.8369814849099,700303092.9651272,6493.93346830255
PharmaCo B,1,0.6058776753327392,306.7923307464207,876933133.0084546,1376.9331330084547
PharmaCo A,15,0.7423007935094323,305.6416305520403,1591016827.5284772,19643.85579431886
PharmaCo E,12,0.8771267721719316,348.35330576379914,563477019.4183588,6563.477019418358
PharmaCo E,14,0.8097488757037938,296.7719162880443,293087927.1558627,7293.087927155862
PharmaCo A,8,0.6486775241184195,445.6648016808731,633194771.6412565,10867.869635497278
PharmaCo E,3,0.7151685887544605,354.0110413776169,1700573088.8209236,5631.738916838285
PharmaCo E,8,0.5853323792749991,296.1334631171246,187089532.56412986,4187.0895325641295
PharmaCo E,15,0.5373149071685408,423.39340412944017,1983475186.011179,17794.934735725095
PharmaCo C,5,0.8913480203720746,322.7659542200659,1086595768.8660483,7426.984365938605
PharmaCo D,1,0.6326937045940972,181.01491150333055,1969843030.494517,4887.090402851789
PharmaCo B,7,0.588883193925624,143.19271317945703,1878602879.9510953,12704.669543126258
PharmaCo C,5,0.8458090277846597,118.54750354820546,911099291.2797244,3411.0992912797246
PharmaCo E,6,0.809025837143593,454.7548456457457,404997238.4646447,3404.997238464645
PharmaCo A,6,0.816594813006732,369.56094430912964,338120705.3646255,6719.5680471085925
PharmaCo E,8,0.6144473024233068,471.82029717394437,487578834.1012154,4487.578834101216
PharmaCo D,9,0.6163227692813404,321.48131257172435,1423163954.7234292,13754.937851061572
PharmaCo E,2,0.6104013148928196,263.03039667271065,553170489.5156608,1553.1704895156608
PharmaCo A,9,0.5868762978311473,76.8724200369002,689436286.5125537,11587.280489412735
PharmaCo D,12,0.8278618362808281,352.2390266957134,903069819.9492834,16403.022583133064
PharmaCo E,15,0.9240079426247008,311.99394189570404,1827333034.0386982,20732.65223292963
PharmaCo D,11,0.8621587348383306,495.59400211442966,386892901.59084374,10195.16420687734
PharmaCo B,10,0.8960468168802715,157.62145000200937,20002839.6935082,5020.002839693509
PharmaCo B,9,0.7023992145425999,288.8318098790761,129591856.6525586,4629.591856652559
PharmaCo E,13,0.8270378976859991,342.9308008031327,1810485019.9434347,14478.316333837845
PharmaCo D,10,0.6771181202223873,340.06602863405465,1298557765.0382926,9907.653994491082
PharmaCo A,15,0.76275231098432,302.5820943267812,553350832.4623355,18071.949435612234
PharmaCo E,10,0.7408174232674312,399.6176046472515,362613077.0122703,5362.61307701227
PharmaCo B,7,0.5884435725719273,142.24154428706737,595590805.9078575,4095.5908059078574
PharmaCo B,1,0.6935393801678154,376.53224012348716,238445885.2300474,738.4458852300475
PharmaCo E,7,0.9819111377411756,328.88055714489013,1883650491.4660378,13016.810258553285
PharmaCo D,10,0.624290128857471,453.233800307558,1570570286.986881,10565.667288708662
PharmaCo B,5,0.5669018681397444,431.23749756511177,930158442.055956,3430.158442055956
PharmaCo D,6,0.7092903108119677,191.81616760964897,1731275584.179252,10646.603953101128
PharmaCo B,10,0.895168867930074,174.3067962388189,506421826.54353225,5506.421826543532
PharmaCo B,7,0.7910741148899861,491.74399573360154,1437069931.259665,10489.614621466797
PharmaCo C,14,0.8404874136191223,287.26933141186544,1713703673.0373495,13777.796510384722
PharmaCo B,15,0.5948474240873386,457.88943376149655,719969736.1303126,8219.969736130313
PharmaCo A,5,0.8094740965038607,123.74646070121699,1517354246.4469283,8995.223432326282
PharmaCo E,7,0.6617501974557369,339.26851166007845,597193975.0359756,4097.193975035975
PharmaCo E,9,0.9171516829773838,414.4370843122638,604725699.1654713,5104.725699165471
PharmaCo D,3,0.8146494030053681,476.32786231390105,223043785.32283026,4096.454111646137
PharmaCo B,8,0.5994281388876479,201.80306345766056,885715512.5537034,4885.715512553704
PharmaCo A,2,0.5323083399220431,376.2415264658236,1462126693.9298704,5346.7241501008475
PharmaCo D,11,0.5213166046435164,292.46585406782856,1881039403.086857,11305.704066688513
PharmaCo C,7,0.6857042838250704,77.28301672991068,1211556013.9389012,9587.859468267507
PharmaCo D,13,0.6329255683271567,360.4998817890245,1727639720.0941207,12651.622879007806
PharmaCo D,2,0.823045061731254,360.54345120702953,1646764352.0875518,6108.91162054322
PharmaCo B,15,0.7496669174893091,468.7730621809417,354952675.4208089,7854.952675420809
PharmaCo C,14,0.6330096390026904,273.7906007760376,976776683.5361366,7976.776683536136
PharmaCo D,4,0.5746188889750881,153.6129143197316,242677835.69552904,3990.7225505565225
PharmaCo A,7,0.5635998813437249,70.05372055190563,1367484791.5076535,11110.034739385103
PharmaCo A,3,0.9323301960702088,237.03898400865756,1900300339.8096912,8114.825352297148
PharmaCo E,2,0.6217389842024337,185.86251503487583,282808021.5767254,1282.8080215767254
PharmaCo C,11,0.8258553239554842,392.489737710744,1470427430.2970572,16470.579067392173
PharmaCo C,10,0.9053429639931332,209.42049417847096,1268153920.2270434,11076.298135322642
PharmaCo E,7,0.807040655592368,477.0820383416798,1171374023.6461184,9504.662182982835
PharmaCo D,1,0.9297826158234729,483.0395913445029,786339267.029795,3034.1674487568694
PharmaCo C,14,0.6961968607642373,329.4088655979686,716711979.030087,7716.711979030087
PharmaCo A,15,0.9781110953244742,467.8971291566973,100045886.14758684,18650.833821139015
PharmaCo A,8,0.5665725020890484,392.38445503152303,443638329.4215068,7207.045919818813
PharmaCo B,3,0.551074764828769,296.0868384388068,40201995.75078553,1540.2019957507855
PharmaCo C,12,0.8293460731037218,131.13857094025013,1167020040.1082208,17230.486251060538
PharmaCo D,12,0.9714155707066309,256.369074581228,220647939.3970386,9758.011092710674
PharmaCo E,13,0.904441730818164,302.39350851317795,1747308594.119135,20551.37918133037
PharmaCo E,2,0.5382084297190257,438.7827113307546,1051054611.1873589,5027.948837612468
PharmaCo D,3,0.6396838569673582,266.6000194410492,1402382919.0268297,4751.2615273791735
PharmaCo B,5,0.9651594424189118,453.95360270508047,827605612.7625879,3327.605612762588
PharmaCo E,11,0.6265292164003923,353.457040560561,1125553819.9120867,11163.530113130846
PharmaCo C,8,0.8905852118934596,111.64957837415213,1885891762.1635947,11348.912649111104
PharmaCo B,10,0.912566097964352,497.74161619629183,174640738.85110483,5174.640738851105
PharmaCo C,7,0.7477260517304909,287.2546973392607,515336166.12815535,4015.336166128155
PharmaCo A,7,0.6931744549241577,226.3362333840855,1562176770.551983,9432.216267131944
PharmaCo B,12,0.7250622162098799,346.6011940112869,206487041.69650504,6206.487041696505
PharmaCo E,7,0.613482347182682,99.00199129146759,160565596.7691806,3660.5655967691805
PharmaCo B,15,0.9446954580644221,336.44239103900946,729467383.5205368,8229.467383520538
PharmaCo B,8,0.7253098283648789,274.20620022467284,193414237.3601403,4193.414237360141
PharmaCo B,1,0.94122972022805,233.00333149936242,1174306099.990344,3410.630699204838
PharmaCo B,4,0.552846739953137,478.85900953050464,460287749.1250337,2460.2877491250338
PharmaCo C,13,0.9941376355000657,285.1428725294239,1792438946.766751,15252.472318068878
PharmaCo A,6,0.7216365437218091,148.6028657614723,1569165160.8820608,10092.824869987131
PharmaCo D,9,0.5239154101970527,256.5335657197844,1402413360.1379576,14719.343853570072
PharmaCo B,13,0.5190109241187275,463.72433205770267,1237718614.495159,14041.087887068928
PharmaCo E,2,0.8731036287409193,129.2429620987676,1728296803.379512,5931.3650909149355
PharmaCo B,1,0.8295177671018403,146.2806674097066,453893502.47008616,953.8935024700861
PharmaCo E,13,0.9010652790637937,55.86330549068769,1747486597.100813,19924.340664859174
PharmaCo C,10,0.552683766976403,56.38552222809523,1581089673.8638642,14596.413929670996
PharmaCo E,12,0.5177854335177742,423.2262321313306,1498840044.5114942,13374.99051982841
PharmaCo D,14,0.7542896447237892,379.4551730793301,1126898799.369099,14842.010224894886
PharmaCo A,2,0.6937976157413848,209.76847540338122,500025880.33149415,2281.17640590794
PharmaCo E,7,0.7309734683354778,364.24002075240776,852860352.8238738,4352.860352823874
PharmaCo E,3,0.995794204435137,227.84266683948658,1589205602.532215,4765.839834294923
PharmaCo A,10,0.9853749788353351,478.8035581990224,73239183.87107565,11996.44698160365
PharmaCo D,2,0.9711576948365964,485.1737066417157,1566281030.834879,4153.938030285538
PharmaCo B,14,0.8919213383838369,226.75719911420452,487740773.5702573,7487.740773570257
PharmaCo E,11,0.6774206801284453,434.3998578533906,297175309.43599004,5797.17530943599
PharmaCo A,7,0.7060654651313858,397.8900687638598,240245623.1788013,8370.222428032448
PharmaCo C,13,0.7748080218594622,189.4999717273052,64227523.782122076,6564.227523782122
PharmaCo A,13,0.9152672282024199,154.4179230054977,1051937105.5906913,14651.294739277913
PharmaCo C,2,0.5343564162591339,256.20559267677527,444337146.6605217,1444.3371466605217
PharmaCo D,3,0.7121484429424441,401.60697827648283,1978969213.9014668,5956.989032770548
PharmaCo B,11,0.5413088317296344,482.07550312793546,1153129144.1856894,10748.518520027232
PharmaCo A,7,0.7573287932867558,393.61058098995767,284391686.01846075,8841.931915986432
PharmaCo E,14,0.9494504120031177,434.8431432582665,1380637456.214617,16781.938629184973
PharmaCo D,4,0.891242462281969,321.37893777673247,1796509697.3543534,5749.363047905307
PharmaCo A,13,0.613921208771555,425.93352387895663,1492907195.7855325,18407.515814993065
PharmaCo E,14,0.9879954247993963,402.98938610153795,162115323.46850085,7162.115323468501
PharmaCo A,1,0.8336751990232142,219.64349386682605,1792809520.5733926,4828.487630470689
PharmaCo C,13,0.5052138496987015,298.39563595432446,1589919477.8613298,16209.839508625533
PharmaCo A,14,0.6277067423426097,412.13890489536266,325024761.21017253,17421.955089259405
PharmaCo A,5,0.6303566499599582,70.72553038548037,113053918.57830556,6408.558607664427
PharmaCo A,12,0.53462715314293,413.63567706012344,1119048044.875474,16050.156623254992
PharmaCo D,9,0.9799132590379644,130.04965582206054,320511264.566554,9378.07776246814
PharmaCo A,8,0.7391276472879619,281.60762770464754,1670835995.6645913,11864.644422228472
PharmaCo E,12,0.9479072986859409,413.7239478001719,723085966.7766308,6723.085966776631
PharmaCo C,15,0.6611077517223142,164.21948517051268,1826655965.025785,15801.906707369486
PharmaCo C,9,0.5626167852164136,160.61334768776885,1135719462.5606015,10973.878754780273
PharmaCo A,10,0.737168054953107,231.24397930801334,373518044.6369396,12519.336606737186
PharmaCo D,14,0.5569783173571585,452.58925890993555,287801746.0460022,15703.211157036534
PharmaCo D,9,0.74300775148877,50.19925164674355,1157180150.7399302,10812.025713044324
PharmaCo E,15,0.9601485906097038,455.6223934888707,1526148387.6062634,19526.831248204417
PharmaCo A,7,0.7603840709171064,119.2131610887235,1565196239.0069425,8196.614075506166
PharmaCo C,4,0.8082498634475417,495.5388692303669,558757234.8381498,2558.75723483815
PharmaCo D,5,0.5783192184869042,479.68114686731064,416451050.2352133,6687.797132866695
PharmaCo A,1,0.5218678129399847,272.6038353160775,43345045.939841,934.8299259866623
PharmaCo D,14,0.5554039810899035,280.7241115156827,1361606310.890327,14097.346381510273
PharmaCo D,1,0.7992657878421828,266.69720312413443,162370834.2827426,1623.35080044456
PharmaCo C,3,0.5475058494961523,335.9496405467852,847314791.5141923,2347.3147915141926
PharmaCo B,13,0.6879964449706557,90.82476600571897,1207347506.3964093,13572.011423833828
PharmaCo E,14,0.775045970229078,64.67807675370493,1874846800.3901572,21917.463113577698
PharmaCo E,8,0.6943263993149236,75.96631778715448,630486252.5419796,4630.486252541979
PharmaCo C,14,0.5818419007326507,249.96440715868147,507046603.26857436,7507.0466032685745
PharmaCo D,2,0.6368956537570533,173.99657264876754,1311778707.0293357,5439.445113402554
PharmaCo A,4,0.9641587664242885,329.9178030669472,1242285673.7866275,5238.96003091011
PharmaCo D,2,0.8379911377931777,496.5990302186505,670898468.783168,3685.928897904214
PharmaCo C,14,0.7480239193399433,223.84542788440965,1856922652.6644752,17746.515032845058
PharmaCo E,5,0.5063574449934467,308.228564347031,1691276031.704369,9762.1132528518
PharmaCo D,9,0.9962077002447352,237.02175315830098,455725266.2715115,9951.798653443
PharmaCo E,1,0.8357274674473216,431.2722504748367,485893665.4147011,985.8936654147011
PharmaCo A,5,0.6584612386724724,456.00638155800715,1029477690.3052903,6980.3967123041075
PharmaCo E,14,0.9396343299989192,444.810025492367,1549408482.4441335,16912.08868067089
PharmaCo E,15,0.6292158101459091,488.4675074056659,97640354.98304413,7597.640354983044
PharmaCo B,9,0.7720082895913758,62.38363331318688,1389736955.9320662,12536.696193047603
PharmaCo B,15,0.8180353818649125,427.91727296548896,1299989435.790373,18772.69363792316
PharmaCo B,1,0.6105316857268642,388.29747786759197,470645390.8668466,970.6453908668466
PharmaCo E,9,0.989198639400298,152.91248423016415,1365892496.350284,11914.269953832107
PharmaCo C,8,0.8740959529894987,480.3440420243874,1880964550.5916443,13206.985985587753
PharmaCo E,4,0.778906612755535,116.68006770347546,103103831.49381936,2103.103831493819
PharmaCo C,12,0.5902972990876505,355.7974672102588,646107590.0312045,6646.107590031204
PharmaCo C,11,0.5269291034990131,151.20059756716063,881971666.166047,6381.971666166047
PharmaCo B,10,0.6600299162604917,244.1212919483336,1799528114.2601323,15777.108871551898
PharmaCo D,5,0.8765936679567015,373.62195362505605,1924900278.7522218,9123.541658277252
PharmaCo A,13,0.6346656491510125,303.496088914871,893789340.5277013,16054.919073870382
PharmaCo B,5,0.7697781102477526,242.37582409765028,1502556540.1629605,9711.436062242456
PharmaCo B,11,0.8639735883653716,196.85229391939424,1068005437.2913212,13918.707237122422
PharmaCo D,12,0.5539718573232322,427.84684506895564,1080188040.1353393,16460.07034871034
PharmaCo A,6,0.8426490080579367,114.71645764166617,563418034.9820493,7799.646823650703
PharmaCo E,7,0.5459354438550224,243.54629443841003,441742929.2691202,3941.7429292691204
PharmaCo E,8,0.9825648710634982,456.69090729881395,583130638.3888419,4583.130638388842
PharmaCo B,15,0.7441970650324699,430.63229770698547,1117092734.441588,16596.499231563914
PharmaCo A,14,0.5753380538549386,230.423793112871,68018820.1839571,17442.052729298623
PharmaCo B,8,0.6711918180167733,393.39876362058874,1815425399.2692475,12548.323615547419
PharmaCo C,11,0.7067082246476307,420.42237381898667,321004582.00405467,5821.004582004055
PharmaCo B,14,0.8790925055382687,449.99934080163337,447976466.9740592,7447.976466974059
PharmaCo B,13,0.8717118930383047,295.0275960721526,1041369591.1308162,15735.156497052016
PharmaCo E,2,0.8059702526686655,142.00739872462032,1423128385.011186,4909.4580607521575
PharmaCo E,9,0.5529653562792465,164.88908442676924,200500818.94135064,4700.500818941351
PharmaCo E,7,0.5757846857938368,183.0626033187219,642212448.1188527,4142.212448118853
PharmaCo C,4,0.5468784603227783,317.211116364327,1937662465.0929706,6667.092612506384
PharmaCo E,4,0.788586391643775,64.7643308578738,532062503.89408195,2532.062503894082
PharmaCo A,11,0.9385692207557019,336.21911095098574,632969788.6756623,12097.377618508712
PharmaCo D,8,0.7169002561273858,213.9594072927044,1674631996.3298867,10658.232930491075
PharmaCo A,4,0.580424086978873,182.85881112033897,109926719.06400596,4256.341418186707
PharmaCo A,13,0.7790211625744835,445.77345682765684,934580205.929852,14223.150390960196
PharmaCo E,15,0.9058761084328549,257.0010780113595,765437361.2588238,8265.437361258824
PharmaCo D,6,0.870856030756465,92.77387048971175,640007652.2182158,6961.028647525508
PharmaCo D,5,0.9407253898375108,422.0360456118112,578542192.1490813,4840.320920847394
PharmaCo D,3,0.6389510486244339,71.43856584642796,191834468.6722143,3511.8860722242407
PharmaCo C,13,0.5969769336338875,377.0371508756885,636503400.4097811,7136.5034004097815
PharmaCo E,14,0.9399082429709693,398.2577997967993,95674281.40418045,7095.674281404181
PharmaCo D,10,0.8287801563890116,208.67117266798618,1564118088.6524262,12211.846170340357
PharmaCo C,11,0.6554644650037771,421.154535325004,802473309.9764432,6302.4733099764435
PharmaCo B,2,0.8711740252862545,282.04673263540406,893368626.316624,1893.3686263166242
PharmaCo B,9,0.907559192240184,258.48214397275854,1788253227.0357618,12862.561234487132
PharmaCo C,10,0.8074891201705662,70.43147666091164,1319529417.8838294,10787.797456446044
PharmaCo C,9,0.8439420549399576,180.51313714200765,26037615.650818378,4526.037615650818
PharmaCo E,1,0.6876299522213332,468.9544868983849,1886917897.6929572,4133.18470383662
PharmaCo E,10,0.7693478336715196,226.320783477575,481917487.2956453,5481.9174872956455
PharmaCo B,3,0.7620795853630811,296.01523425054575,224152227.6721191,1724.1522276721191
PharmaCo D,8,0.9240238955653859,289.40975554291333,1538575074.9779556,9667.863188968327
PharmaCo B,6,0.9199819901410913,315.693990420212,1005949858.5747691,9263.062734739451
PharmaCo D,5,0.9163402346735217,77.59893003947718,873203426.375855,6216.27071034068
PharmaCo D,5,0.5055158071312329,212.97931465942773,506511128.56865615,4844.95566703867
PharmaCo E,6,0.8747727422344441,375.40772324714936,1099468264.826014,8487.578005203797
PharmaCo A,15,0.8793381950555024,140.25211298284233,556025364.353149,16769.134028482018
PharmaCo A,7,0.8391894114275709,141.6102698958622,1804150180.5212646,11747.078465601284
PharmaCo C,1,0.8781323289457263,54.54077301006113,438256914.6690537,938.2569146690537
PharmaCo E,9,0.9209851857483544,246.86686697369439,1769866749.4069495,12187.187287424687
PharmaCo D,3,0.7351595270508928,447.2304713030399,1123216797.1974404,4675.537464018544
PharmaCo A,4,0.7510251067442235,73.35542461428906,1658691386.4515295,5784.221816704832
PharmaCo D,10,0.5623570284556952,136.0034192732012,1428563531.7633004,15278.212977438774
PharmaCo A,1,0.6926879415236809,189.53804225423977,1396423271.7591295,4226.880566952911
PharmaCo A,13,0.8216825899558922,379.2761314538958,655448157.3131609,12890.275529272203
PharmaCo A,11,0.8901998880736373,338.2860167611639,475454893.6296849,12544.708623810908
PharmaCo E,10,0.6086045488456053,237.17475706183475,429663593.08476835,5429.663593084769
PharmaCo B,3,0.5689114495796177,391.58102266626906,1715811397.5485814,7686.550171208858
PharmaCo D,2,0.8315210022502462,324.33395524560586,1642649372.31545,4267.631234633591
PharmaCo E,2,0.5009399417624554,453.2183598457486,886741320.7444916,1886.7413207444915
PharmaCo E,14,0.5891862921536649,418.1120371124118,273485180.85794467,7273.485180857944
PharmaCo E,1,0.5145356901719769,163.76612274014025,770681981.4351422,1270.681981435142
PharmaCo E,8,0.5834425589274355,172.1473599353901,1242493473.7324536,10898.962123766854
PharmaCo E,3,0.5906596399627526,106.41041410657354,914262277.4151062,2414.262277415106
PharmaCo C,3,0.6938367973751971,201.63412657285542,1562576644.2811599,5555.648194771274
PharmaCo D,6,0.7011635623432779,499.7947634235924,1995269416.280257,9986.537356216204
PharmaCo E,13,0.9371312353051189,232.58802587677744,390352856.0133047,6890.3528560133045
PharmaCo D,8,0.7550548562494126,149.2197956100979,924705131.1225492,11684.482872486577
PharmaCo C,13,0.8617023828061432,393.11729801399883,867657964.8224359,7367.657964822436
PharmaCo C,15,0.5520686789601437,294.11195155819524,615940140.1704122,8115.940140170413
PharmaCo D,9,0.6127193777318469,117.32065228712864,404210078.2733763,10747.164714946108
PharmaCo A,9,0.8514717204893384,221.31035652238958,140727311.81442186,8175.806447013197
PharmaCo B,4,0.5264019802342641,236.51137199270448,1775367441.2751598,8019.789315890779
PharmaCo A,14,0.7432988311218766,389.2233652561484,845498908.395772,18275.18865267532
PharmaCo A,5,0.7996844828314669,59.30211600135701,998822081.8150972,5914.188334171089
PharmaCo A,2,0.8010728220262405,171.0588410592397,1834714675.9198225,6852.130686581537
PharmaCo E,11,0.511466405634021,282.91833559198494,1554818050.2567363,14487.481803485141
PharmaCo C,9,0.6610540021145928,170.9810341037795,269697515.5931966,4769.697515593197
PharmaCo A,8,0.818245325524577,332.7953213385495,1135185735.5394073,9915.315873091258
PharmaCo C,3,0.5744998680746217,266.8403656735775,890082030.2739227,2390.0820302739226
PharmaCo D,11,0.8477078241640266,212.76961468681128,1596450034.431738,15790.390167523226
PharmaCo B,12,0.8729626044068373,477.1438820917305,1451222769.747779,17110.247789425764
PharmaCo D,13,0.9909845952230727,334.47177463390585,1383907386.6030333,18392.66233978351
PharmaCo D,9,0.6049209974282047,108.47361752057355,687684222.6049948,12895.380729428385
PharmaCo E,3,0.9125653338330576,302.041263849528,1611877823.4945164,7130.196777141753
PharmaCo B,9,0.760148288459327,401.32933394040543,114258678.23377383,4614.258678233774
PharmaCo D,2,0.6867312980720868,368.8203638717588,327653553.8500128,2441.847365472933
PharmaCo D,12,0.561188378662589,127.44015318286672,677890313.2260443,13653.584141411571
PharmaCo B,10,0.8677528032437688,487.5889995680465,162846807.72786975,5162.846807727869
PharmaCo B,9,0.6179287995718435,251.96614058597268,477638612.29403627,4977.638612294037
PharmaCo D,15,0.6857110009365228,121.56125168311759,1662000456.165857,17828.845591812315
PharmaCo B,8,0.5312711134486843,131.08808935766655,1897020560.2022579,8963.60823771575
PharmaCo D,9,0.9006834579097596,94.20574648508622,616158687.9906391,7994.03346385417
PharmaCo D,5,0.8832942619858217,411.58314879572043,536386449.93778807,5731.077595460373
PharmaCo E,11,0.8668079150211563,104.91372244483189,566986377.9703895,6066.986377970389
PharmaCo A,11,0.6497217552459433,106.30636571378612,562660983.8281792,11908.302645593294
PharmaCo D,2,0.5867400371329786,432.71222664237695,81501062.55008626,2291.921720912196
PharmaCo C,8,0.8187766322351149,205.07183800140183,1854563529.198905,11593.75854460185
PharmaCo A,12,0.7480831920566098,63.8860569386326,435259301.72495353,13911.12477920844
PharmaCo A,15,0.5891262334523208,73.35288478328489,845808107.4219959,14347.49624821004
PharmaCo A,6,0.8429556355249319,113.976701016753,29276896.6545258,4885.748604861995
PharmaCo E,8,0.9955632159106518,146.0270065890603,1717330630.9209638,11986.006064484056
PharmaCo D,11,0.8736097938710188,349.3157874072824,1465003115.4652853,13823.368668692674
PharmaCo E,5,0.8699931933428059,120.7968260008227,1894044509.9956694,6709.124432746115
PharmaCo D,10,0.9751563764652958,103.4934760296824,1565414803.6008341,12346.143608919185
PharmaCo E,2,0.6014681837874511,394.1236136643256,634275958.9836098,1634.2759589836098
PharmaCo E,6,0.7827749824607202,351.9748777369615,503267983.86956304,3503.267983869563
PharmaCo C,5,0.9898233575169417,245.8958996548563,1398455452.031053,7390.604831110986
PharmaCo E,12,0.5826470554850873,297.1893971660468,734584422.2708939,6734.584422270894
PharmaCo B,13,0.8501259797222604,190.3928091468883,1136767881.347707,17607.348971468564
PharmaCo C,12,0.792905072985951,267.1251891059123,22452367.342675757,6022.452367342676
PharmaCo E,5,0.7932395460943535,278.0026920422356,133152546.34414575,2633.152546344146
PharmaCo A,13,0.8488353137600375,224.25677203014317,1075382202.9514859,15420.709367465148
PharmaCo B,1,0.964808461437842,457.95749480247326,1136482576.4318485,3466.545983978114
PharmaCo B,2,0.891290969925669,57.22783924145276,1505391359.474094,5463.437721723628
PharmaCo B,8,0.528068051708105,401.97706839106075,272610986.0516839,4272.6109860516835
PharmaCo C,13,0.9263640099378556,105.97227405859594,1031234336.6759897,15145.091910071802
PharmaCo E,14,0.6127706649628664,408.89631224173974,396950812.41906035,7396.950812419061
PharmaCo E,13,0.6884570823681859,327.16036205452457,195460277.92976242,6695.460277929762
PharmaCo A,3,0.7308664068061911,429.47514092138107,826886630.1805036,3541.721203418306
PharmaCo A,10,0.7404530003765348,93.88144653840385,335039929.6972239,9912.29716066025
PharmaCo B,3,0.7175901996276783,301.5412853448983,451346136.602714,1951.346136602714
PharmaCo A,8,0.9686766471079322,275.48954611798865,641933613.9403085,8762.555592119441
PharmaCo C,8,0.8530095038320122,367.7869323335114,526182917.4789605,4526.18291747896
PharmaCo E,2,0.8155853229783532,290.43074835215407,184306681.83783334,1184.3066818378334
PharmaCo B,8,0.5249210138914708,293.3305552098969,188933327.27080756,4188.933327270807
PharmaCo A,11,0.9519566651301874,243.31817460922912,394566336.3159946,14375.165193556924
PharmaCo C,13,0.9546950960041981,188.9754908033034,110612784.03948252,6610.612784039483
PharmaCo C,13,0.8901065317150512,267.0189625634865,1256649469.157085,17071.34375680729
PharmaCo A,1,0.5035146019068095,103.32156144578026,581780165.8527149,2548.1884849850067
PharmaCo E,6,0.5286401255388117,482.68100254238817,566694475.8604513,3566.6944758604513
PharmaCo A,8,0.6126118511342449,371.4848436319692,670676605.5331527,8451.182010753742
PharmaCo B,3,0.5656747040724533,478.61020250953106,1328964585.677346,6893.407473559883
PharmaCo A,8,0.6994180148518647,152.02732204848348,1742561424.152146,11575.146405783242
PharmaCo C,12,0.9613115290438948,445.7034590794376,1520582995.7857203,15020.513617762299
PharmaCo A,1,0.7360302170984991,413.9554930535923,1457783168.147939,3285.974783000578
PharmaCo E,11,0.5067013132160828,354.71858560595314,973938459.34569,6473.93845934569
PharmaCo D,11,0.641372844789381,331.26313373834256,1390673058.3651495,16138.692657127263
PharmaCo A,9,0.5222974541864808,192.4473493705415,1109997112.3868303,11860.281013613176
PharmaCo E,13,0.5181438113067511,417.3848532342638,440338551.0911925,6940.338551091192
PharmaCo E,11,0.6378599265477761,275.6819576658802,425090851.80469096,5925.090851804691
PharmaCo C,13,0.6378061693394728,81.9012091510784,599820093.6818141,7099.820093681814
PharmaCo E,9,0.893563301300802,190.78842238480848,1822497315.2299285,13175.574111509388
PharmaCo E,5,0.9874173263905559,470.88369434539743,1099355532.3556545,6144.076862337102
PharmaCo E,10,0.6856035469449991,432.8061172721808,1470471700.23372,15214.704347498688
PharmaCo E,4,0.7144434394305192,491.8575641344426,699651932.0349298,2699.65193203493
PharmaCo B,15,0.9223947181430108,332.5970221718441,821354383.6237983,8321.354383623799
PharmaCo B,11,0.6340695100477567,161.3795329131854,259875501.48813024,5759.87550148813
PharmaCo C,6,0.578190902201724,123.2667723545887,350876966.06512403,3350.876966065124
PharmaCo A,12,0.9265448117018252,134.11149827380774,1656439544.1040297,17821.70440715338
PharmaCo E,7,0.5232502932200327,58.90804625626447,1173828877.0608754,10468.758928764548
PharmaCo A,5,0.8098497200997079,225.80694994367263,681689607.1087996,7282.96019493342
PharmaCo A,11,0.7809964237334034,136.14245622479413,1607673905.9011364,11508.081275924918
PharmaCo C,13,0.6729602237508472,235.2449572055161,500574612.21958613,7000.574612219586
PharmaCo E,10,0.6575947605486795,470.74749432744443,1952305070.2144055,12420.110424726548
PharmaCo E,9,0.8859288630908106,243.74309427823547,696187039.4148778,5196.187039414877
PharmaCo D,3,0.5432123053812732,445.0930236431757,681248798.7609429,4903.482366895859
PharmaCo A,15,0.6183921546556927,322.4771449771444,630704692.0180434,18997.642676554777
PharmaCo A,7,0.866224365919045,161.20919959762637,253001916.68933296,8272.874665813284
PharmaCo B,10,0.7741602918632121,210.13464166664514,231162923.1907047,5231.1629231907045
PharmaCo D,10,0.5639941042667932,87.76379111964323,1299729018.7229056,14103.477453005038
PharmaCo B,11,0.9410678071410301,200.05816711820472,1751484908.6705134,13098.12432363014
PharmaCo B,5,0.6967239232817958,354.8934254765903,1583135815.4406302,7207.066609246773
PharmaCo B,14,0.9139341876610865,82.44999181824583,290804112.1024887,7290.804112102489
PharmaCo C,7,0.8938565077638543,142.4306338151132,1095708422.3662121,7779.939530502739
PharmaCo C,15,0.812212723235864,221.64846863599016,220127176.4935136,7720.127176493514
PharmaCo B,2,0.7472405656475465,491.92229165718317,100136340.79002412,1100.1363407900242
PharmaCo D,4,0.9897754201908784,403.1878203314961,1316207860.1756868,7699.046022211591
PharmaCo A,2,0.5724825361899085,380.06903592144675,1074953144.0238972,3322.7881389093363
PharmaCo D,14,0.8625778637755575,102.28593043645068,173227133.570827,16440.25703104709
PharmaCo E,13,0.5955953507323946,401.44815212674615,79529100.347917,6579.529100347917
PharmaCo C,13,0.6691315526661742,403.3709651822068,1979615262.6845758,16808.920865914264
PharmaCo A,12,0.6543493716865976,320.49621303094773,69742450.97665304,9452.472498014264
PharmaCo A,7,0.9735179938693614,495.6628018992673,894611223.5698177,7359.171355166996
PharmaCo E,2,0.9836780888941377,196.3642576660484,1014191858.9693142,4446.180032706121
PharmaCo E,13,0.5915077221173636,473.57260170883325,243387494.12288564,6743.387494122886
PharmaCo B,14,0.5110175801487521,461.62900173042664,346432939.0950354,7346.432939095035
PharmaCo C,11,0.8600040198315566,55.16629688722003,710091962.7566015,6210.091962756602
PharmaCo C,1,0.7089949669352422,252.55243691366496,1525734993.6651886,3290.011128247255
PharmaCo D,9,0.5444201225437821,489.696904873208,1019094023.8799307,8948.741315202333
PharmaCo B,1,0.8418770527885213,96.4046130836341,1279424730.3603935,3952.337846084411
PharmaCo B,8,0.7725527641303498,296.50311247249374,1970497364.6304429,10053.031905631877
PharmaCo B,15,0.990258411000553,490.5308781684968,1538330816.2732873,16525.553005211994
PharmaCo B,2,0.6137047479306894,299.97294084763706,874379381.3010232,1874.3793813010234
PharmaCo C,12,0.7019889381632741,135.4168863374702,898419424.375132,6898.419424375132
PharmaCo C,8,0.7712729016977115,311.9824535416654,1241356433.3116,9166.183857968652
PharmaCo B,13,0.8958499942266758,141.9982582772961,1334076764.7536197,14946.553651721762
PharmaCo D,3,0.7744193283600294,283.8669183025179,1006414742.4149759,4460.506704808486
PharmaCo A,6,0.8064500804309747,83.3189980605566,1293273833.4018102,7025.385908671652
PharmaCo A,3,0.6130735257949704,322.46720114648207,56829663.88405655,3468.635574434412
PharmaCo D,14,0.9234593640442799,282.55547260767116,864949499.1547198,18192.78949198436
PharmaCo B,7,0.7143152734852378,383.0726159426584,565086771.3862188,4065.086771386219
PharmaCo C,10,0.5704798137608846,333.81521202145325,267057146.0337897,5267.05714603379
PharmaCo A,9,0.8320939572527086,297.32282083884047,208097560.48946252,8877.370136730038
PharmaCo E,2,0.6080452265926537,360.4004821616545,1210352409.5731883,4435.482773070424
PharmaCo E,15,0.5487812551196498,114.77386110750388,1051965088.8336973,20148.43894174091
PharmaCo D,12,0.9309934542021361,317.9118475663718,514632392.82277465,14657.621137820834
PharmaCo B,12,0.7300811322442198,127.44977127024995,947190616.9573039,6947.190616957304
PharmaCo A,15,0.8746418563478882,466.4849935333464,989542307.2129925,13896.066292091975
PharmaCo B,14,0.6452937799031775,80.75034718052189,398067871.07284546,7398.067871072845
PharmaCo A,5,0.8934850674588332,243.66863736085696,1307665193.1444848,9113.283880055735
PharmaCo D,13,0.5559679635107652,363.1088649449502,1564029519.20832,15223.551277194381
PharmaCo D,6,0.6779866868974264,256.10999525071645,1585012446.3701427,8197.45057656173
PharmaCo E,4,0.9890309089867643,91.44286395480606,1208914963.0998755,7138.861098653014
PharmaCo B,4,0.896994858184003,299.0205572570183,1028160779.2128379,7075.042073504286
PharmaCo E,4,0.7486279651573441,338.73435897230956,131404214.58073583,2131.4042145807357
PharmaCo B,2,0.6698887357809425,366.7065399457284,582784284.7146957,1582.7842847146958
PharmaCo E,4,0.9360678500112383,217.9669165082415,195610179.0885581,2195.610179088558
PharmaCo C,11,0.7724238795422578,303.64698696294295,1928008090.1481626,11446.069805196556
PharmaCo C,1,0.8792125089345555,252.8089137225109,278809490.9892638,778.8094909892638
PharmaCo C,12,0.8770538401580821,352.42521743851404,312033065.60369307,6312.033065603693
PharmaCo C,6,0.5089728392842459,312.6006352961683,1780257470.4776795,7472.050898115832
PharmaCo A,1,0.5631268913963068,286.5902988016107,1888417284.1181512,4357.928074830118
PharmaCo C,10,0.8298146831973712,162.28596507721187,1533999788.0774705,14196.787153681458
PharmaCo D,6,0.5808099056429357,50.90833298670526,20755798.108613044,5549.934628928819
PharmaCo D,1,0.6277466723278023,128.33675389014317,12679079.203561762,861.0956693792118
PharmaCo A,6,0.9733189770998036,102.6797186408759,762420531.877027,6702.190154134803
PharmaCo C,10,0.7800911291874559,252.08813525492604,295356786.32167614,5295.356786321676
PharmaCo C,8,0.8753647534996736,325.5161678428301,46588422.881678596,4046.5884228816785
PharmaCo C,11,0.7789903693913199,145.88825390816368,933492711.9149643,6433.492711914964
PharmaCo E,2,0.7762568073913626,472.57569318523423,1886693175.8398733,6495.501971994
PharmaCo B,2,0.547075955062849,53.0069581507495,654400954.0558385,1654.4009540558386
PharmaCo E,14,0.6718315963045516,397.5354568244043,1325669950.073106,19529.252161259283
PharmaCo B,15,0.6412154493432558,331.342146288699,1307948352.733557,14218.117345777417
PharmaCo C,13,0.6953641828068067,218.09966047145684,509649406.2936838,7009.649406293684
PharmaCo C,12,0.8991720941121641,72.72002498558356,1304346245.15949,17004.346140002337
PharmaCo E,4,0.6859663339584324,332.3689573029257,432544608.8309136,2432.5446088309136
PharmaCo E,11,0.7258484096158413,223.52608078954162,252794753.0180092,5752.794753018009
PharmaCo B,3,0.6986906952426583,471.32021273594864,1405752738.2637832,5713.445856919657
PharmaCo D,4,0.5467039859876478,293.89553370039465,235747226.0367943,5124.1887112961485
PharmaCo B,13,0.7205360791253919,472.8431800820787,1993849344.9928172,16157.909417420884
PharmaCo E,12,0.5978046365222576,149.21766206298685,375070278.28895634,6375.070278288957
PharmaCo E,7,0.5933616478865207,376.5766596638465,1192342306.8853505,8835.132250923014
PharmaCo A,13,0.5470180522171332,327.7620593819266,828635397.1110529,16262.796141341709
PharmaCo E,11,0.6783354870708824,382.7337034240903,261508980.58727756,5761.508980587278
PharmaCo A,1,0.8787409423947087,146.60053878764154,65409376.07905266,1381.7350572244352
PharmaCo D,6,0.638220845291698,349.24753230699815,1249237241.7627382,7439.948339258467
PharmaCo B,15,0.6561745509427568,274.1181768755911,1615447551.940361,14589.845637897008
PharmaCo B,15,0.8213373288362118,384.2712387078423,1685611166.3984206,17390.76383843941
PharmaCo A,3,0.5979204062934594,197.170089868318,970599811.4230996,5229.550016349003
PharmaCo B,11,0.9484789652117671,450.5256614593637,1557136379.6929474,16660.480062846775
PharmaCo E,10,0.7600952616257772,87.93559157510768,1348965795.642204,11721.440885554528
PharmaCo C,7,0.7238014701601085,413.2351934560346,1451266509.7232752,10663.972209928244
PharmaCo A,10,0.7789100959646007,437.59383161679085,990272020.3914101,11083.19339109848
PharmaCo B,2,0.5830171567080977,417.76354011506953,1270489363.081833,4807.12454249747
PharmaCo A,14,0.8067365693195881,280.7268774177992,1612996568.0163534,20540.34266315312
PharmaCo A,2,0.6815503683170052,247.27324101384258,801789509.3584758,3119.542036770628
PharmaCo C,13,0.9485931704823094,498.31802893619454,1613898012.7264917,15450.822475643336
PharmaCo E,4,0.5844271033388431,153.12737804637294,1188113517.1502352,7948.8124745779105
PharmaCo A,1,0.7535255519327205,296.09418464422004,340143038.4978646,1989.9266985689744
PharmaCo B,3,0.799056314684509,351.8039864220465,59121472.87692338,1559.1214728769235
PharmaCo D,13,0.5166918008931907,365.3904361376444,731879664.7943126,14584.00807299406
PharmaCo A,9,0.6818465623780701,141.8110995823604,1097925693.3097162,9990.060332393718
PharmaCo A,7,0.8663176173504163,344.29734155291055,1681242500.8849418,10451.651219951505
PharmaCo C,15,0.9101887537244866,418.26630491660177,263696503.47908992,7763.69650347909
PharmaCo E,7,0.6565809974086412,72.5083595695005,1602410631.8903224,11149.657669084309
PharmaCo D,13,0.8992966361913757,460.1845819963924,1727388001.6737816,14727.386759899373
PharmaCo B,13,0.9838779385516945,63.27682481534267,309868099.1316592,6809.86809913166
PharmaCo D,11,0.928436968037547,210.18696461977746,1704672695.415396,12717.749748215214
PharmaCo B,4,0.5588219940796626,57.11593830483293,1982992600.0071561,6650.638542941487
PharmaCo E,2,0.8698651660427703,84.71532584281184,1456409273.7859926,3919.546603342992
PharmaCo B,15,0.6598334162202724,460.02572833103557,1571691666.831726,17409.811641201308
PharmaCo C,14,0.9942079947060383,209.68737383576652,1988886382.4421582,14501.766844774911
PharmaCo C,4,0.7426794915799435,241.1471886912738,1214907688.5466313,5375.044536414531
PharmaCo C,6,0.5612169491794705,146.90497162214868,622693900.2123363,3622.6939002123363
PharmaCo C,11,0.8625927740136954,318.6930965840239,1676686359.8113508,11946.306902111619
PharmaCo D,11,0.6615055991931069,317.6614466050053,1232826697.2481463,10529.331449445004
PharmaCo E,3,0.9985390785408308,217.49017632134866,1166578893.2047036,4846.210748229927
PharmaCo B,1,0.989891228927261,199.86569231242927,514734755.47293615,1014.7347554729362
PharmaCo B,14,0.8280670090102904,448.23393868126453,1515105196.4699445,17160.535678763754
PharmaCo C,12,0.5649132244758588,222.47790783899063,172517878.96159154,6172.517878961591
PharmaCo C,8,0.8434304988375145,272.0754464694837,1849331270.8813758,13171.35328325123
PharmaCo A,12,0.5465152432300135,177.4871430912188,658388686.9332646,16021.638043926541
PharmaCo E,13,0.5146820795511962,404.0462765107073,264271559.052081,6764.271559052081
PharmaCo D,5,0.911479223110743,228.85167060459122,890309400.8738134,6891.9126152524095
PharmaCo B,15,0.6048764738418406,281.1249709449461,94515119.42050098,7594.515119420501
PharmaCo A,5,0.6895135631095487,164.01072652684763,1372406126.587283,8499.615381224941
PharmaCo A,11,0.9867286949880866,494.4468165535633,1806383965.7862587,11036.666500570504
PharmaCo B,4,0.6684202509305517,181.1730834156753,1676153384.2056324,6962.965925112553
PharmaCo D,6,0.6482448906416576,396.83413890749824,263465252.16128334,7672.249833216661
PharmaCo A,3,0.9591039998113876,242.37304266054164,261279562.8443864,3251.0734824471206
PharmaCo A,9,0.5553742226594791,142.79783228786295,1628734619.8252854,9408.92638286696
PharmaCo E,5,0.8797912050573159,409.87344378418754,1849266006.4602008,9769.232746358457
PharmaCo D,3,0.994032783326387,200.12305506306942,926732961.3686434,5586.432148827495
PharmaCo A,11,0.9506480053873244,439.33700632901497,1002952522.6583942,10798.761958292507
PharmaCo D,1,0.8258339593532129,461.86573321302035,643341462.3575945,2329.375862981031
PharmaCo B,10,0.657030397496366,436.92072592607417,1789587585.3302639,11487.679643537396
PharmaCo C,12,0.6271609905891584,65.75356166306254,1293356781.5317883,16185.668399944385
PharmaCo A,6,0.9096275524357306,404.3180052522975,583620638.5630633,6348.564773429826
PharmaCo E,15,0.9399109569758477,235.10275992461476,604577913.3979607,8104.57791339796
PharmaCo B,2,0.7627174562728465,443.1753140820013,1783488145.3965688,6527.198572407695
PharmaCo D,13,0.6221699703932331,337.07941820813244,37131707.57258472,12919.479512996188
PharmaCo B,3,0.5564716042055868,425.13941036478127,652225879.7260104,2152.2258797260106
PharmaCo A,1,0.5435897339159156,274.7442964400759,1113169795.6205745,3068.8507454280516
PharmaCo D,9,0.8595387236769279,290.76147706951974,304952749.57765603,8639.337992232617
PharmaCo C,8,0.7100593639238625,114.97443446015025,193276520.8571837,4193.276520857184
PharmaCo B,12,0.9526799371389352,402.79431141020996,1632399898.8702142,12630.534781043803
PharmaCo A,2,0.8698356503633818,238.72532525013725,1789864733.4105294,5225.416186931711
PharmaCo E,15,0.5956302089572934,275.03605322221216,1648976777.388397,15635.940166740469
PharmaCo D,12,0.8068887094078495,403.29397134306845,1798587900.577322,17124.10006133268
PharmaCo B,11,0.7177527271990797,319.48043003574753,1110692822.4061594,16157.913824116311
PharmaCo B,8,0.7886248653843065,140.49442734920035,1626393660.7707803,14040.727090828424
PharmaCo C,12,0.8690345616692585,315.6046966179017,774244850.3982898,6774.24485039829
PharmaCo C,14,0.9030979405018954,233.43478609084508,1335873044.3432865,14608.870834362877
PharmaCo E,9,0.9218686632033621,261.2864939197382,1977782707.4644372,12585.226499029595
PharmaCo E,1,0.6269874372860124,62.740073481200504,459198170.43986356,959.1981704398636
PharmaCo A,13,0.5155577999586789,144.51320728232673,785900495.1192504,12429.78761803856
PharmaCo A,5,0.8696473675823866,176.4671366214627,965294280.8470703,8497.233037762846
PharmaCo E,8,0.5531718631278872,370.8320035364626,284650819.1699029,4284.650819169903
PharmaCo E,15,0.6574597943064838,55.17161298415189,171266834.825463,7671.266834825463
PharmaCo D,11,0.5019085670621736,233.9497675531094,1661148503.9800324,16747.125536358242
PharmaCo C,14,0.84083474120081,465.8120916915798,1953820801.9268966,20670.526871364393
PharmaCo A,2,0.5835660057356107,100.34627744710573,815402877.0210208,3300.229374917979
PharmaCo C,4,0.827641204845829,282.390974698375,184423174.02736002,2184.42317402736
PharmaCo C,7,0.9958713085839195,403.9350720758812,140965403.7742472,3640.965403774247
PharmaCo E,3,0.5363354358050081,474.1390883840525,1783723230.6569943,5916.6432843768225
PharmaCo D,13,0.5385390059757303,386.0494877901731,932990356.958083,11427.45700452497
PharmaCo B,12,0.6701900463333375,374.25449688998276,646854359.95916,6646.85435995916
PharmaCo D,5,0.933193257125671,421.9196405880931,958157929.766405,6580.982819706155
PharmaCo D,8,0.6077649343956659,250.79054943989465,643425148.4377712,9911.653183071492
PharmaCo C,12,0.6801889099651738,412.6300396780249,983181192.8621638,6983.181192862164
PharmaCo D,10,0.5342527033134898,53.583982135453006,1720517229.8666942,10892.255691792121
PharmaCo A,3,0.8815776456294446,466.0524749195622,1188679728.4135704,6659.767051849499
PharmaCo C,4,0.7041531713797256,249.48792928272889,1392361007.892249,5722.6804042251
PharmaCo A,14,0.8796243665304214,299.0210845395864,735694645.7063298,15048.045857803927
PharmaCo B,15,0.9518039221733976,164.69701201169704,1479626698.2359324,17852.5533722488
PharmaCo C,9,0.6163815735506444,384.13887477818963,1336567998.909951,13500.34830168907
PharmaCo B,14,0.9036980151699756,84.48611291386197,247928375.52659234,7247.928375526592
PharmaCo C,14,0.5295469450391266,442.68611114607586,1149559277.7000134,15717.600879006943
PharmaCo E,7,0.9494236940901237,422.6525730528542,520919557.65641844,4020.9195576564184
PharmaCo D,1,0.8253842737793737,147.22705231014487,1610150382.5708497,3619.2362911385444
PharmaCo E,14,0.9371133620691758,414.19597922836806,857616039.8492095,7857.616039849209
PharmaCo B,12,0.500094199778291,403.8609798776667,1989421488.7410095,19363.679934625183
PharmaCo D,4,0.5845405351779962,334.497468989277,194075871.49853793,5479.744270236086
PharmaCo C,4,0.694879693713246,218.0840796048594,1562892246.8529155,5459.958060178899
PharmaCo D,9,0.6897514516873593,172.17443938184056,1350666449.7488914,10154.347817570255
PharmaCo A,6,0.6133651914617553,154.30261563020753,1537322672.8755038,8213.947521349528
PharmaCo D,9,0.6908059699336,193.37403324362322,621984293.0260081,9727.29405695485
PharmaCo A,12,0.5644243560001274,456.60129954463866,989188433.8709772,12176.96357462038
PharmaCo D,15,0.706380564633013,84.93834919495157,1595051954.2501798,15493.311813922013
PharmaCo A,6,0.901177164579632,422.9920743138314,472757249.92550147,8524.06965158787
PharmaCo B,6,0.7395350315516755,207.00053376882062,459806061.6094176,3459.8060616094176
PharmaCo E,5,0.5090000444726075,284.7197282051112,1106591397.0569155,5579.369845429405
PharmaCo C,5,0.7107220207896237,407.5185351418208,1051891523.264413,6531.2643843064825
PharmaCo D,2,0.5135875080454221,447.9694461603371,571702316.1217364,2994.326394372328
PharmaCo E,8,0.9831217053533992,205.15163903269115,603170544.5443974,4603.170544544398
PharmaCo C,8,0.5637269797114345,257.82956657379964,562911874.7810653,4562.911874781065
PharmaCo C,11,0.8538441631653093,236.53222916755652,1545309003.3769903,15079.643744987436
PharmaCo A,13,0.9863881614460429,55.962965076759744,1307282722.4692967,18351.05105092088
PharmaCo B,1,0.9130195258332859,183.17429998639548,1666510194.986403,4854.866115588296
PharmaCo B,8,0.8496576875631019,256.6351551796528,1951191326.3449035,12155.744666863247
PharmaCo E,5,0.9197304547503835,234.9921239961979,953586949.5812529,3453.586949581253
PharmaCo B,2,0.9908993466303138,374.86815238205577,142720823.99684322,1142.7208239968431
PharmaCo D,14,0.8106722486267648,223.16162774949646,105703697.71995051,14872.637108586685
PharmaCo B,2,0.7795924034146633,270.2194020368016,598373428.1505221,1598.3734281505222
PharmaCo E,14,0.8141190552316406,243.3238664595635,1865763732.8113773,14480.846141521595
PharmaCo B,15,0.7663379433807775,383.2817670024667,1051193979.3920411,14900.83412674036
PharmaCo D,15,0.8175445529548594,438.3375795441331,550855166.999457,14424.664475420968
PharmaCo A,6,0.7249211039862796,289.3500855533814,804341921.0769289,9222.902515605905
PharmaCo E,11,0.6092215914416536,405.24448738783605,1201204263.7352948,11595.67432576331
PharmaCo A,13,0.5601236132558378,183.55400690893276,1309369819.6943061,13972.867334751969
PharmaCo A,9,0.5341704677661302,293.6163245707709,316299824.467981,9003.369968618228
PharmaCo A,1,0.6316578918766,205.3534791514876,1954293036.3249002,5310.458735806857
PharmaCo C,12,0.5230617821678669,236.39041650732364,1094096731.6957498,11479.939691141195
PharmaCo C,6,0.7835853899596927,379.5862391657009,280019752.4066358,3280.0197524066357
PharmaCo A,9,0.6419142235117601,446.74811704972075,1788334154.158806,14875.502297417028
PharmaCo E,8,0.9122674040435161,104.67292598949444,158530477.84806332,4158.530477848063
PharmaCo D,11,0.5371204364941933,335.58766541932124,1816393512.0232503,15906.116548120819
PharmaCo D,6,0.613175747170743,311.9647134100093,1993165656.015075,7572.936976852258
PharmaCo B,3,0.865123073545073,103.28676762916935,1403859280.3214428,5340.036851894223
PharmaCo E,8,0.7994041481917458,145.3524486980491,1543189969.9372396,12725.280764986313
PharmaCo C,9,0.5322456356245837,189.95112262970613,681232644.5702978,5181.232644570297
PharmaCo A,1,0.9386197285811002,125.11898186787566,1883737936.9405282,4248.569102142024
PharmaCo B,12,0.9386308814130897,159.6782671359538,1064130792.5556515,14730.809536655046
PharmaCo D,9,0.6652040019378869,170.4203594877684,1467453008.729134,10481.312206713099
PharmaCo C,14,0.6702029216747823,201.05322486757683,1848974354.6634462,21538.208673020537
PharmaCo C,15,0.9945141791750869,387.2257037605216,1950608152.1912615,15414.495992980945
PharmaCo A,6,0.8130880857965691,307.3604917327703,1668076669.627382,10724.413003082882
PharmaCo D,6,0.7656582602840296,493.81100237813064,613004838.8942397,7254.728340109213
PharmaCo E,12,0.9190760917759622,236.63112213536195,1933429557.938644,17852.840692029036
PharmaCo C,4,0.6426451691786582,389.23928322661624,1259957867.174708,5902.855679742736
PharmaCo A,1,0.7145912966981784,442.1607896194402,1861978527.9404001,4758.1811854202315
PharmaCo E,10,0.6338883377441671,355.54032186711885,1355449001.3705602,14978.746869792996
PharmaCo D,8,0.8945804232943657,235.3391331878732,621405534.0769638,9089.741332142294
PharmaCo C,2,0.786674672817609,389.11758383558885,746348803.0442038,1746.3488030442038
PharmaCo E,12,0.8294125350700352,141.6502119977082,1105438836.4348516,14467.777558496196
PharmaCo E,1,0.6261536249197033,197.3984743310596,1582129534.7041652,4616.836477249957
PharmaCo E,2,0.6101126506886576,296.00836479467995,642785277.1672665,1642.7852771672665
PharmaCo C,1,0.7441873144914694,308.93422427876675,1163665020.6070423,4057.4743131081113
PharmaCo C,1,0.8687828745464135,59.963663962683256,697793737.217039,1197.793737217039
PharmaCo B,9,0.7626198787600801,475.30138494020395,1633381115.2238634,12116.271175889715
PharmaCo D,13,0.5163228387728342,363.4822720478255,938788906.5982214,16788.808435303807
PharmaCo A,14,0.9342757531601444,273.066687604351,162678425.4372416,15679.970405563614
PharmaCo E,1,0.5323434467575658,469.90725548373877,340444517.7482574,840.4445177482573
PharmaCo B,13,0.9779122418603761,247.59300436287282,131598288.56306826,6631.598288563068
PharmaCo A,4,0.5125709791386364,491.19600662166727,1003612862.5685072,5787.536460716189
PharmaCo B,10,0.8472252280653544,280.52814075956826,221611221.72297207,5221.611221722972
PharmaCo C,6,0.5411035318558908,101.42859649909076,237138538.92616788,3237.1385389261677
PharmaCo E,7,0.9553382897175697,394.16043760667475,1882686037.4763703,11986.579229857125
PharmaCo A,2,0.7322166181127714,355.5039762850282,1746583593.6303504,6520.427000670674
PharmaCo A,6,0.5687618874085076,397.84402458751407,909652327.6546183,6727.387966862193
PharmaCo A,7,0.6704078498949233,478.1489129265565,1971752588.4919095,9074.617340373195
PharmaCo A,10,0.582412337673381,399.42018619295817,10371191.059619596,7827.2273851069785
PharmaCo A,14,0.5852909557785451,325.1014709974911,1231819117.9840536,19120.07031638912
PharmaCo B,10,0.9740541600857211,435.7890060623784,1236692072.9700215,11297.031385649141
PharmaCo E,2,0.7226230561423941,352.9608977095392,920311681.1810775,1920.3116811810773
PharmaCo C,15,0.8944011319526798,233.65357557166539,799926466.1392428,8299.926466139243
PharmaCo C,2,0.8198027805888409,448.52889390879795,916212439.6064091,1916.2124396064091
PharmaCo C,10,0.8382131811691962,149.8552073529678,835771267.7985642,5835.771267798564
PharmaCo C,7,0.5658467192360193,371.5885737089259,1463680030.1897757,10498.504065785948
PharmaCo B,12,0.6170922234077428,446.70355472334063,279357315.59683526,6279.357315596835
PharmaCo D,1,0.8933751675772185,379.0924338664833,403302048.976349,1818.518554159963
PharmaCo E,8,0.9853831032373914,363.7739385742356,369231274.500923,4369.231274500923
PharmaCo A,11,0.6313378212993259,388.68723233232623,532316464.3913164,14919.492345439841
PharmaCo D,13,0.6357843823755199,259.27486173528996,1055264253.3753507,12854.574268466928
PharmaCo C,3,0.7364485664054524,443.3768069706617,231305407.20305526,1731.3054072030552
PharmaCo D,11,0.9919201564277189,141.54641381124105,1737656897.6997433,11401.491286840257
PharmaCo E,6,0.6344794729132355,107.32388720015268,601749447.30386,3601.74944730386
PharmaCo A,9,0.7034859548171319,178.4789510533302,333450595.0627286,11216.237908517473
PharmaCo A,6,0.9457400078117534,289.20982854874694,1354486406.1005042,6562.8297071218385
PharmaCo E,9,0.501460516310681,279.7528079342021,85791738.19264537,4585.791738192645
PharmaCo E,7,0.5198829824942848,419.26944095446396,1243737444.0995867,8677.3897638883
PharmaCo C,15,0.8020358385356097,232.05589538180783,1399414877.0462346,13816.178827203696
PharmaCo A,9,0.9536900823564235,267.95499183117886,437683897.4595712,9629.65030894473
PharmaCo D,2,0.6194283302009638,56.01545746672804,93508506.15283222,1918.832637633389
PharmaCo B,12,0.7348208873403546,234.3826563993226,733654264.2497047,6733.654264249704
PharmaCo B,8,0.7252326508289091,341.4984048276539,206202518.1814536,4206.202518181453
PharmaCo E,8,0.7364856730477551,56.97874878196648,241790920.84994078,4241.79092084994
PharmaCo C,2,0.8112598478648726,176.39688433380968,515979850.5752805,1515.9798505752806
PharmaCo B,12,0.7348718814953419,143.58036168022545,597981170.007251,6597.981170007251
PharmaCo A,14,0.723734070661229,68.8934430093147,1064640978.632627,17225.353487845347
PharmaCo E,4,0.7371442102156303,265.6670404615419,1359999852.150996,7613.317575219717
PharmaCo D,14,0.7954337206355208,131.77548195267042,1189614172.3316677,12933.14639444109
PharmaCo E,15,0.7685037441756792,384.38669283412105,305237071.20613843,7805.237071206138
PharmaCo D,11,0.9270679988252521,431.5675476935068,352451204.5807266,8892.495572674514
PharmaCo E,15,0.5247484267468333,295.5133322011165,1758750807.0879,15636.123067652605
PharmaCo E,7,0.9166585357365062,491.7683041345137,1121121106.9775863,8846.71305407208
PharmaCo E,11,0.921962306305862,252.7153571617679,1741176287.466401,17638.246437587488
PharmaCo D,4,0.6424540107654804,281.015694601212,749377557.52655,5380.6959059258825
PharmaCo D,4,0.7314259775079253,495.1479892809876,1232656014.7883344,5787.278934388031
PharmaCo E,6,0.7192692442687177,154.19679618427196,1052090197.9486754,8355.147629591844
PharmaCo B,10,0.6092549171770651,474.14567285460737,645055744.7427205,5645.05574474272
PharmaCo C,6,0.6983984235431582,69.27689980360097,945131590.3468547,3945.131590346855
PharmaCo C,10,0.5221938860854272,250.87410061843764,1009956844.8855948,12431.186782108698
PharmaCo C,15,0.6389110363908672,81.50158045987959,409534239.7657904,7909.5342397657905
PharmaCo D,3,0.908341087725359,378.15563431113935,636870641.0296959,5313.729750676674
PharmaCo D,15,0.6422811508814488,323.784021146008,1584905403.5088813,15906.519864054048
PharmaCo B,9,0.9091033343741237,367.9854185604184,1832418596.513713,12725.98588167348
PharmaCo C,12,0.7657997323022154,218.51617998560764,725990246.1551459,6725.9902461551455
PharmaCo C,10,0.93993133868058,216.26687031412112,620874841.5959462,5620.874841595946
PharmaCo E,14,0.7873897771322076,70.39367553240257,398442357.4980462,7398.4423574980465
PharmaCo D,11,0.5148341115323699,207.4752227883379,1360197425.6146567,16775.732295358364
PharmaCo C,2,0.8377101037735446,468.17978101792676,652968406.3160112,1652.9684063160112
PharmaCo B,6,0.5224267840117843,220.65194173120204,1975621582.8073852,12095.729200016896
PharmaCo B,12,0.7252985094915669,424.1154677998865,658112756.1072669,6658.112756107267
PharmaCo C,7,0.964713347236557,429.04647713747033,794330733.09743,4294.33073309743
PharmaCo D,12,0.5826019696689251,217.95852037065524,1210635050.461949,17236.597285716118
PharmaCo B,13,0.694936176470772,334.39490617828505,1605351743.450697,14287.473273111662
PharmaCo E,9,0.8649301544242392,92.91722102287639,944342144.037811,5444.3421440378115
PharmaCo B,13,0.9411292780474239,96.65536133042443,851085507.2400271,7351.085507240027
PharmaCo A,3,0.835471502371254,71.895948647771,1991319288.8536685,8561.217356733856
PharmaCo A,10,0.6290866270955846,311.45679201879926,30882345.86848944,11689.98760069841
PharmaCo D,3,0.8373039264581081,241.73193993174365,1791179924.8139791,7270.221427961121
PharmaCo C,7,0.648363820552045,296.6145604989081,306790243.6200775,3806.7902436200775
